candidate,law,return_low,return_high,threshold_scale,coupling,coupling_domain,corner,seed,dt,dynamic_noise,return_rate,settling_time_p95,residual_p95,reexit_rate,attempted_violations,max_abs
konstant_lo0.15_hi0.15_s1_k0_abweichung,konstant,0.15,0.15,1.0,0.0,abweichung,nominal,11,0.02,1,0.0,nan,1.1895632667681126,0.0,0,3.0
konstant_lo0.15_hi0.15_s1_k0_abweichung,konstant,0.15,0.15,1.0,0.0,abweichung,nominal,23,0.02,1,0.0,nan,1.2092382080512873,0.0,0,3.0
konstant_lo0.15_hi0.15_s1_k0_abweichung,konstant,0.15,0.15,1.0,0.0,abweichung,nominal,37,0.02,1,0.0,nan,1.2274076558127955,0.0,0,3.0
konstant_lo0.15_hi0.15_s1_k0_abweichung,konstant,0.15,0.15,1.0,0.0,abweichung,nominal,53,0.02,1,0.0,nan,1.1860798626984086,0.0,0,3.0
konstant_lo0.15_hi0.15_s1_k0_abweichung,konstant,0.15,0.15,1.0,0.0,abweichung,nominal,71,0.02,1,0.0,nan,1.236571713030006,0.0,0,3.0
konstant_lo0.15_hi0.15_s1_k0_abweichung,konstant,0.15,0.15,1.0,0.0,abweichung,erhoeht,11,0.02,1,0.0,nan,1.195250295749272,0.0,0,3.0
konstant_lo0.15_hi0.15_s1_k0_abweichung,konstant,0.15,0.15,1.0,0.0,abweichung,erhoeht,23,0.02,1,0.0,nan,1.2804584236047816,0.0,0,3.0
konstant_lo0.15_hi0.15_s1_k0_abweichung,konstant,0.15,0.15,1.0,0.0,abweichung,erhoeht,37,0.02,1,0.0,nan,1.244386923644574,0.0,0,3.0
konstant_lo0.15_hi0.15_s1_k0_abweichung,konstant,0.15,0.15,1.0,0.0,abweichung,erhoeht,53,0.02,1,0.0,nan,1.217750043176581,0.0,0,3.0
konstant_lo0.15_hi0.15_s1_k0_abweichung,konstant,0.15,0.15,1.0,0.0,abweichung,erhoeht,71,0.02,1,0.0,nan,1.2605114757258016,0.0,0,3.0
konstant_lo0.15_hi0.15_s1_k0.34_absolut,konstant,0.15,0.15,1.0,0.34,absolut,nominal,11,0.02,1,0.1111111111111111,4.4479999999999995,1.1802221572225624,0.0,0,3.0
konstant_lo0.15_hi0.15_s1_k0.34_absolut,konstant,0.15,0.15,1.0,0.34,absolut,nominal,23,0.02,1,0.1111111111111111,5.14,1.1987653729917847,0.0,0,3.0
konstant_lo0.15_hi0.15_s1_k0.34_absolut,konstant,0.15,0.15,1.0,0.34,absolut,nominal,37,0.02,1,0.1111111111111111,4.478,1.2184933662778406,0.0,0,3.0
konstant_lo0.15_hi0.15_s1_k0.34_absolut,konstant,0.15,0.15,1.0,0.34,absolut,nominal,53,0.02,1,0.1111111111111111,4.406,1.1780411645740523,0.0,0,3.0
konstant_lo0.15_hi0.15_s1_k0.34_absolut,konstant,0.15,0.15,1.0,0.34,absolut,nominal,71,0.02,1,0.1111111111111111,5.202,1.2296200112495854,0.0,0,3.0
konstant_lo0.15_hi0.15_s1_k0.34_absolut,konstant,0.15,0.15,1.0,0.34,absolut,erhoeht,11,0.02,1,0.05555555555555555,5.0,1.1768855888775516,0.0,0,3.0
konstant_lo0.15_hi0.15_s1_k0.34_absolut,konstant,0.15,0.15,1.0,0.34,absolut,erhoeht,23,0.02,1,0.0,nan,1.2546930917009333,0.0,0,3.0
konstant_lo0.15_hi0.15_s1_k0.34_absolut,konstant,0.15,0.15,1.0,0.34,absolut,erhoeht,37,0.02,1,0.0,nan,1.221904580627353,0.0,0,3.0
konstant_lo0.15_hi0.15_s1_k0.34_absolut,konstant,0.15,0.15,1.0,0.34,absolut,erhoeht,53,0.02,1,0.0,nan,1.1800708264842519,0.0,0,3.0
konstant_lo0.15_hi0.15_s1_k0.34_absolut,konstant,0.15,0.15,1.0,0.34,absolut,erhoeht,71,0.02,1,0.0,nan,1.2220975707551684,0.0,0,3.0
konstant_lo0.15_hi0.15_s1_k0.34_abweichung,konstant,0.15,0.15,1.0,0.34,abweichung,nominal,11,0.02,1,0.1111111111111111,4.0600000000000005,1.1798287228365205,0.0,0,3.0
konstant_lo0.15_hi0.15_s1_k0.34_abweichung,konstant,0.15,0.15,1.0,0.34,abweichung,nominal,23,0.02,1,0.1111111111111111,3.959,1.1981643294229767,0.0,0,3.0
konstant_lo0.15_hi0.15_s1_k0.34_abweichung,konstant,0.15,0.15,1.0,0.34,abweichung,nominal,37,0.02,1,0.1111111111111111,3.916,1.2183054630158319,0.0,0,3.0
konstant_lo0.15_hi0.15_s1_k0.34_abweichung,konstant,0.15,0.15,1.0,0.34,abweichung,nominal,53,0.02,1,0.1111111111111111,4.019,1.1772939310624544,0.0,0,3.0
konstant_lo0.15_hi0.15_s1_k0.34_abweichung,konstant,0.15,0.15,1.0,0.34,abweichung,nominal,71,0.02,1,0.1111111111111111,3.9739999999999998,1.2292203899924805,0.0,0,3.0
konstant_lo0.15_hi0.15_s1_k0.34_abweichung,konstant,0.15,0.15,1.0,0.34,abweichung,erhoeht,11,0.02,1,0.1111111111111111,3.971,1.1758612813119829,0.0,0,3.0
konstant_lo0.15_hi0.15_s1_k0.34_abweichung,konstant,0.15,0.15,1.0,0.34,abweichung,erhoeht,23,0.02,1,0.1111111111111111,4.059,1.2534832654655095,0.05555555555555555,0,3.0
konstant_lo0.15_hi0.15_s1_k0.34_abweichung,konstant,0.15,0.15,1.0,0.34,abweichung,erhoeht,37,0.02,1,0.1111111111111111,4.072,1.2200009843090653,0.0,0,3.0
konstant_lo0.15_hi0.15_s1_k0.34_abweichung,konstant,0.15,0.15,1.0,0.34,abweichung,erhoeht,53,0.02,1,0.1111111111111111,4.0969999999999995,1.1771273813631582,0.0,0,3.0
konstant_lo0.15_hi0.15_s1_k0.34_abweichung,konstant,0.15,0.15,1.0,0.34,abweichung,erhoeht,71,0.02,1,0.1111111111111111,4.356,1.220807088967278,0.0,0,3.0
konstant_lo0.4_hi0.4_s1_k0_abweichung,konstant,0.4,0.4,1.0,0.0,abweichung,nominal,11,0.02,1,0.0,nan,0.26702609959400175,0.0,0,3.0
konstant_lo0.4_hi0.4_s1_k0_abweichung,konstant,0.4,0.4,1.0,0.0,abweichung,nominal,23,0.02,1,0.0,nan,0.27707592760599603,0.0,0,3.0
konstant_lo0.4_hi0.4_s1_k0_abweichung,konstant,0.4,0.4,1.0,0.0,abweichung,nominal,37,0.02,1,0.0,nan,0.28989228568757447,0.0,0,3.0
konstant_lo0.4_hi0.4_s1_k0_abweichung,konstant,0.4,0.4,1.0,0.0,abweichung,nominal,53,0.02,1,0.0,nan,0.26773224685430663,0.0,0,3.0
konstant_lo0.4_hi0.4_s1_k0_abweichung,konstant,0.4,0.4,1.0,0.0,abweichung,nominal,71,0.02,1,0.0,nan,0.2914963128197496,0.0,0,3.0
konstant_lo0.4_hi0.4_s1_k0_abweichung,konstant,0.4,0.4,1.0,0.0,abweichung,erhoeht,11,0.02,1,0.0,nan,0.2850335652251055,0.0,0,3.0
konstant_lo0.4_hi0.4_s1_k0_abweichung,konstant,0.4,0.4,1.0,0.0,abweichung,erhoeht,23,0.02,1,0.0,nan,0.3458075094578732,0.0,0,3.0
konstant_lo0.4_hi0.4_s1_k0_abweichung,konstant,0.4,0.4,1.0,0.0,abweichung,erhoeht,37,0.02,1,0.0,nan,0.30929591458484484,0.0,0,3.0
konstant_lo0.4_hi0.4_s1_k0_abweichung,konstant,0.4,0.4,1.0,0.0,abweichung,erhoeht,53,0.02,1,0.0,nan,0.31982024003297366,0.0,0,3.0
konstant_lo0.4_hi0.4_s1_k0_abweichung,konstant,0.4,0.4,1.0,0.0,abweichung,erhoeht,71,0.02,1,0.0,nan,0.34640560099970974,0.0,0,3.0
konstant_lo0.4_hi0.4_s1_k0.34_absolut,konstant,0.4,0.4,1.0,0.34,absolut,nominal,11,0.02,1,0.3333333333333333,4.1049999999999995,0.25536648900572056,0.0,0,3.0
konstant_lo0.4_hi0.4_s1_k0.34_absolut,konstant,0.4,0.4,1.0,0.34,absolut,nominal,23,0.02,1,0.3333333333333333,4.705,0.2685186581000506,0.0,0,3.0
konstant_lo0.4_hi0.4_s1_k0.34_absolut,konstant,0.4,0.4,1.0,0.34,absolut,nominal,37,0.02,1,0.3333333333333333,4.455,0.2781442226624631,0.0,0,3.0
konstant_lo0.4_hi0.4_s1_k0.34_absolut,konstant,0.4,0.4,1.0,0.34,absolut,nominal,53,0.02,1,0.3333333333333333,4.42,0.25408520193683154,0.0,0,3.0
konstant_lo0.4_hi0.4_s1_k0.34_absolut,konstant,0.4,0.4,1.0,0.34,absolut,nominal,71,0.02,1,0.3333333333333333,4.75,0.28546965371109007,0.0,0,3.0
konstant_lo0.4_hi0.4_s1_k0.34_absolut,konstant,0.4,0.4,1.0,0.34,absolut,erhoeht,11,0.02,1,0.3333333333333333,5.135,0.2606843189035315,0.0,0,3.0
konstant_lo0.4_hi0.4_s1_k0.34_absolut,konstant,0.4,0.4,1.0,0.34,absolut,erhoeht,23,0.02,1,0.0,nan,0.306803433481614,0.0,0,3.0
konstant_lo0.4_hi0.4_s1_k0.34_absolut,konstant,0.4,0.4,1.0,0.34,absolut,erhoeht,37,0.02,1,0.2777777777777778,5.488,0.2921146360287473,0.0,0,3.0
konstant_lo0.4_hi0.4_s1_k0.34_absolut,konstant,0.4,0.4,1.0,0.34,absolut,erhoeht,53,0.02,1,0.0,nan,0.26925023720974,0.0,0,3.0
konstant_lo0.4_hi0.4_s1_k0.34_absolut,konstant,0.4,0.4,1.0,0.34,absolut,erhoeht,71,0.02,1,0.05555555555555555,5.16,0.2922482092808871,0.05555555555555555,0,3.0
konstant_lo0.4_hi0.4_s1_k0.34_abweichung,konstant,0.4,0.4,1.0,0.34,abweichung,nominal,11,0.02,1,0.3333333333333333,3.885,0.25439094989857886,0.0,0,3.0
konstant_lo0.4_hi0.4_s1_k0.34_abweichung,konstant,0.4,0.4,1.0,0.34,abweichung,nominal,23,0.02,1,0.3333333333333333,3.96,0.2666211414105167,0.0,0,3.0
konstant_lo0.4_hi0.4_s1_k0.34_abweichung,konstant,0.4,0.4,1.0,0.34,abweichung,nominal,37,0.02,1,0.3333333333333333,4.12,0.2766168967236736,0.0,0,3.0
konstant_lo0.4_hi0.4_s1_k0.34_abweichung,konstant,0.4,0.4,1.0,0.34,abweichung,nominal,53,0.02,1,0.3333333333333333,4.11,0.25365054300827494,0.0,0,3.0
konstant_lo0.4_hi0.4_s1_k0.34_abweichung,konstant,0.4,0.4,1.0,0.34,abweichung,nominal,71,0.02,1,0.3333333333333333,4.04,0.2840733212306161,0.0,0,3.0
konstant_lo0.4_hi0.4_s1_k0.34_abweichung,konstant,0.4,0.4,1.0,0.34,abweichung,erhoeht,11,0.02,1,0.3333333333333333,4.19,0.25819925811191047,0.0,0,3.0
konstant_lo0.4_hi0.4_s1_k0.34_abweichung,konstant,0.4,0.4,1.0,0.34,abweichung,erhoeht,23,0.02,1,0.3333333333333333,3.935,0.30333879175113604,0.0,0,3.0
konstant_lo0.4_hi0.4_s1_k0.34_abweichung,konstant,0.4,0.4,1.0,0.34,abweichung,erhoeht,37,0.02,1,0.3333333333333333,4.38,0.28784885786927067,0.0,0,3.0
konstant_lo0.4_hi0.4_s1_k0.34_abweichung,konstant,0.4,0.4,1.0,0.34,abweichung,erhoeht,53,0.02,1,0.3333333333333333,4.1,0.26239906740443897,0.0,0,3.0
konstant_lo0.4_hi0.4_s1_k0.34_abweichung,konstant,0.4,0.4,1.0,0.34,abweichung,erhoeht,71,0.02,1,0.3333333333333333,4.540000000000001,0.2884849422737908,0.0,0,3.0
konstant_lo0.8_hi0.8_s1_k0_abweichung,konstant,0.8,0.8,1.0,0.0,abweichung,nominal,11,0.02,1,1.0,5.16,0.026386070511224574,0.0,0,3.0
konstant_lo0.8_hi0.8_s1_k0_abweichung,konstant,0.8,0.8,1.0,0.0,abweichung,nominal,23,0.02,1,1.0,5.22,0.027435989533252308,0.0,0,3.0
konstant_lo0.8_hi0.8_s1_k0_abweichung,konstant,0.8,0.8,1.0,0.0,abweichung,nominal,37,0.02,1,1.0,5.346,0.031054621297865764,0.0,0,3.0
konstant_lo0.8_hi0.8_s1_k0_abweichung,konstant,0.8,0.8,1.0,0.0,abweichung,nominal,53,0.02,1,1.0,5.163,0.028027540451210677,0.0,0,3.0
konstant_lo0.8_hi0.8_s1_k0_abweichung,konstant,0.8,0.8,1.0,0.0,abweichung,nominal,71,0.02,1,1.0,5.303,0.030306512420502276,0.0,0,3.0
konstant_lo0.8_hi0.8_s1_k0_abweichung,konstant,0.8,0.8,1.0,0.0,abweichung,erhoeht,11,0.02,1,1.0,5.36,0.03393167591091009,0.0,0,3.0
konstant_lo0.8_hi0.8_s1_k0_abweichung,konstant,0.8,0.8,1.0,0.0,abweichung,erhoeht,23,0.02,1,0.5555555555555556,5.263999999999999,0.0543631261766376,0.05555555555555555,0,3.0
konstant_lo0.8_hi0.8_s1_k0_abweichung,konstant,0.8,0.8,1.0,0.0,abweichung,erhoeht,37,0.02,1,0.8333333333333334,5.312,0.03755600190765404,0.0,0,3.0
konstant_lo0.8_hi0.8_s1_k0_abweichung,konstant,0.8,0.8,1.0,0.0,abweichung,erhoeht,53,0.02,1,0.5555555555555556,5.1370000000000005,0.05146984913348806,0.0,0,3.0
konstant_lo0.8_hi0.8_s1_k0_abweichung,konstant,0.8,0.8,1.0,0.0,abweichung,erhoeht,71,0.02,1,0.4444444444444444,5.04,0.053593435325168894,0.0,0,3.0
konstant_lo0.8_hi0.8_s1_k0.34_absolut,konstant,0.8,0.8,1.0,0.34,absolut,nominal,11,0.02,1,1.0,5.063000000000001,0.027069353566204532,0.0,0,3.0
konstant_lo0.8_hi0.8_s1_k0.34_absolut,konstant,0.8,0.8,1.0,0.34,absolut,nominal,23,0.02,1,1.0,5.289,0.036654262743544115,0.0,0,3.0
konstant_lo0.8_hi0.8_s1_k0.34_absolut,konstant,0.8,0.8,1.0,0.34,absolut,nominal,37,0.02,1,1.0,5.263,0.03234988727504336,0.0,0,3.0
konstant_lo0.8_hi0.8_s1_k0.34_absolut,konstant,0.8,0.8,1.0,0.34,absolut,nominal,53,0.02,1,1.0,5.012,0.02781645762008675,0.0,0,3.0
konstant_lo0.8_hi0.8_s1_k0.34_absolut,konstant,0.8,0.8,1.0,0.34,absolut,nominal,71,0.02,1,0.9444444444444444,5.292,0.03837290846613716,0.0,0,3.0
konstant_lo0.8_hi0.8_s1_k0.34_absolut,konstant,0.8,0.8,1.0,0.34,absolut,erhoeht,11,0.02,1,1.0,5.266,0.036025498471410865,0.0,0,3.0
konstant_lo0.8_hi0.8_s1_k0.34_absolut,konstant,0.8,0.8,1.0,0.34,absolut,erhoeht,23,0.02,1,0.7222222222222222,4.975999999999999,0.05304295074358125,0.16666666666666666,0,3.0
konstant_lo0.8_hi0.8_s1_k0.34_absolut,konstant,0.8,0.8,1.0,0.34,absolut,erhoeht,37,0.02,1,0.8888888888888888,5.325,0.04543846917527566,0.0,0,3.0
konstant_lo0.8_hi0.8_s1_k0.34_absolut,konstant,0.8,0.8,1.0,0.34,absolut,erhoeht,53,0.02,1,0.7777777777777778,5.3100000000000005,0.051809064661684966,0.2777777777777778,0,3.0
konstant_lo0.8_hi0.8_s1_k0.34_absolut,konstant,0.8,0.8,1.0,0.34,absolut,erhoeht,71,0.02,1,0.7777777777777778,5.247,0.05029818517089657,0.05555555555555555,0,3.0
konstant_lo0.8_hi0.8_s1_k0.34_abweichung,konstant,0.8,0.8,1.0,0.34,abweichung,nominal,11,0.02,1,1.0,4.9830000000000005,0.021439938361402962,0.0,0,3.0
konstant_lo0.8_hi0.8_s1_k0.34_abweichung,konstant,0.8,0.8,1.0,0.34,abweichung,nominal,23,0.02,1,1.0,5.08,0.023377816347698612,0.0,0,3.0
konstant_lo0.8_hi0.8_s1_k0.34_abweichung,konstant,0.8,0.8,1.0,0.34,abweichung,nominal,37,0.02,1,1.0,5.129,0.024741230515256167,0.0,0,3.0
konstant_lo0.8_hi0.8_s1_k0.34_abweichung,konstant,0.8,0.8,1.0,0.34,abweichung,nominal,53,0.02,1,1.0,4.96,0.02254744158943737,0.0,0,3.0
konstant_lo0.8_hi0.8_s1_k0.34_abweichung,konstant,0.8,0.8,1.0,0.34,abweichung,nominal,71,0.02,1,1.0,5.203,0.026913760000572405,0.0,0,3.0
konstant_lo0.8_hi0.8_s1_k0.34_abweichung,konstant,0.8,0.8,1.0,0.34,abweichung,erhoeht,11,0.02,1,1.0,5.063000000000001,0.02431973778093598,0.0,0,3.0
konstant_lo0.8_hi0.8_s1_k0.34_abweichung,konstant,0.8,0.8,1.0,0.34,abweichung,erhoeht,23,0.02,1,1.0,5.358,0.032403105439661586,0.0,0,3.0
konstant_lo0.8_hi0.8_s1_k0.34_abweichung,konstant,0.8,0.8,1.0,0.34,abweichung,erhoeht,37,0.02,1,1.0,5.269,0.030668528279945807,0.0,0,3.0
konstant_lo0.8_hi0.8_s1_k0.34_abweichung,konstant,0.8,0.8,1.0,0.34,abweichung,erhoeht,53,0.02,1,1.0,5.052,0.02445661097044622,0.0,0,3.0
konstant_lo0.8_hi0.8_s1_k0.34_abweichung,konstant,0.8,0.8,1.0,0.34,abweichung,erhoeht,71,0.02,1,1.0,5.343,0.029580603969782626,0.0,0,3.0
konstant_lo1.2_hi1.2_s1_k0_abweichung,konstant,1.2,1.2,1.0,0.0,abweichung,nominal,11,0.02,1,1.0,3.403,0.005014394968478939,0.0,0,3.0
konstant_lo1.2_hi1.2_s1_k0_abweichung,konstant,1.2,1.2,1.0,0.0,abweichung,nominal,23,0.02,1,1.0,3.4459999999999997,0.004580494102815393,0.0,0,3.0
konstant_lo1.2_hi1.2_s1_k0_abweichung,konstant,1.2,1.2,1.0,0.0,abweichung,nominal,37,0.02,1,1.0,3.543,0.00514101987388967,0.0,0,3.0
konstant_lo1.2_hi1.2_s1_k0_abweichung,konstant,1.2,1.2,1.0,0.0,abweichung,nominal,53,0.02,1,1.0,3.44,0.005260747439145113,0.0,0,3.0
konstant_lo1.2_hi1.2_s1_k0_abweichung,konstant,1.2,1.2,1.0,0.0,abweichung,nominal,71,0.02,1,1.0,3.52,0.005024945549342217,0.0,0,3.0
konstant_lo1.2_hi1.2_s1_k0_abweichung,konstant,1.2,1.2,1.0,0.0,abweichung,erhoeht,11,0.02,1,1.0,3.572,0.008833933351008301,0.0,0,3.0
konstant_lo1.2_hi1.2_s1_k0_abweichung,konstant,1.2,1.2,1.0,0.0,abweichung,erhoeht,23,0.02,1,1.0,4.046,0.01256189603340451,0.0,0,3.0
konstant_lo1.2_hi1.2_s1_k0_abweichung,konstant,1.2,1.2,1.0,0.0,abweichung,erhoeht,37,0.02,1,1.0,3.64,0.009168276381051606,0.0,0,3.0
konstant_lo1.2_hi1.2_s1_k0_abweichung,konstant,1.2,1.2,1.0,0.0,abweichung,erhoeht,53,0.02,1,1.0,4.026000000000001,0.012696940193899914,0.0,0,3.0
konstant_lo1.2_hi1.2_s1_k0_abweichung,konstant,1.2,1.2,1.0,0.0,abweichung,erhoeht,71,0.02,1,1.0,4.08,0.011289020429270814,0.0,0,3.0
konstant_lo1.2_hi1.2_s1_k0.34_absolut,konstant,1.2,1.2,1.0,0.34,absolut,nominal,11,0.02,1,1.0,3.34,0.014724619392847292,0.0,0,3.0
konstant_lo1.2_hi1.2_s1_k0.34_absolut,konstant,1.2,1.2,1.0,0.34,absolut,nominal,23,0.02,1,1.0,3.4659999999999997,0.024492796355627185,0.0,0,3.0
konstant_lo1.2_hi1.2_s1_k0.34_absolut,konstant,1.2,1.2,1.0,0.34,absolut,nominal,37,0.02,1,1.0,3.4659999999999997,0.019193641968364917,0.0,0,3.0
konstant_lo1.2_hi1.2_s1_k0.34_absolut,konstant,1.2,1.2,1.0,0.34,absolut,nominal,53,0.02,1,1.0,3.3459999999999996,0.015258380139102941,0.0,0,3.0
konstant_lo1.2_hi1.2_s1_k0.34_absolut,konstant,1.2,1.2,1.0,0.34,absolut,nominal,71,0.02,1,1.0,3.563,0.024449635855638332,0.0,0,3.0
konstant_lo1.2_hi1.2_s1_k0.34_absolut,konstant,1.2,1.2,1.0,0.34,absolut,erhoeht,11,0.02,1,1.0,3.469,0.02591512179687256,0.0,0,3.0
konstant_lo1.2_hi1.2_s1_k0.34_absolut,konstant,1.2,1.2,1.0,0.34,absolut,erhoeht,23,0.02,1,1.0,3.9379999999999997,0.03960921250099525,0.0,0,3.0
konstant_lo1.2_hi1.2_s1_k0.34_absolut,konstant,1.2,1.2,1.0,0.34,absolut,erhoeht,37,0.02,1,1.0,3.623,0.029489043756179417,0.0,0,3.0
konstant_lo1.2_hi1.2_s1_k0.34_absolut,konstant,1.2,1.2,1.0,0.34,absolut,erhoeht,53,0.02,1,1.0,3.796,0.039813959503784815,0.0,0,3.0
konstant_lo1.2_hi1.2_s1_k0.34_absolut,konstant,1.2,1.2,1.0,0.34,absolut,erhoeht,71,0.02,1,1.0,3.863,0.03537694393437594,0.0,0,3.0
konstant_lo1.2_hi1.2_s1_k0.34_abweichung,konstant,1.2,1.2,1.0,0.34,abweichung,nominal,11,0.02,1,1.0,3.3000000000000003,0.003415276090502629,0.0,0,3.0
konstant_lo1.2_hi1.2_s1_k0.34_abweichung,konstant,1.2,1.2,1.0,0.34,abweichung,nominal,23,0.02,1,1.0,3.383,0.002906851550827251,0.0,0,3.0
konstant_lo1.2_hi1.2_s1_k0.34_abweichung,konstant,1.2,1.2,1.0,0.34,abweichung,nominal,37,0.02,1,1.0,3.423,0.0035515146988606182,0.0,0,3.0
konstant_lo1.2_hi1.2_s1_k0.34_abweichung,konstant,1.2,1.2,1.0,0.34,abweichung,nominal,53,0.02,1,1.0,3.3200000000000003,0.0033896009792002686,0.0,0,3.0
konstant_lo1.2_hi1.2_s1_k0.34_abweichung,konstant,1.2,1.2,1.0,0.34,abweichung,nominal,71,0.02,1,1.0,3.463,0.003614430624031201,0.0,0,3.0
konstant_lo1.2_hi1.2_s1_k0.34_abweichung,konstant,1.2,1.2,1.0,0.34,abweichung,erhoeht,11,0.02,1,1.0,3.383,0.006222055520915472,0.0,0,3.0
konstant_lo1.2_hi1.2_s1_k0.34_abweichung,konstant,1.2,1.2,1.0,0.34,abweichung,erhoeht,23,0.02,1,1.0,3.592,0.00683735513728903,0.0,0,3.0
konstant_lo1.2_hi1.2_s1_k0.34_abweichung,konstant,1.2,1.2,1.0,0.34,abweichung,erhoeht,37,0.02,1,1.0,3.472,0.006356388720249999,0.0,0,3.0
konstant_lo1.2_hi1.2_s1_k0.34_abweichung,konstant,1.2,1.2,1.0,0.34,abweichung,erhoeht,53,0.02,1,1.0,3.423,0.006221866050258858,0.0,0,3.0
konstant_lo1.2_hi1.2_s1_k0.34_abweichung,konstant,1.2,1.2,1.0,0.34,abweichung,erhoeht,71,0.02,1,1.0,3.626,0.005796985185204833,0.0,0,3.0
konstant_lo1.6_hi1.6_s1_k0_abweichung,konstant,1.6,1.6,1.0,0.0,abweichung,nominal,11,0.02,1,1.0,2.543,0.0035952087854836,0.0,0,3.0
konstant_lo1.6_hi1.6_s1_k0_abweichung,konstant,1.6,1.6,1.0,0.0,abweichung,nominal,23,0.02,1,1.0,2.58,0.0029731105817257563,0.0,0,3.0
konstant_lo1.6_hi1.6_s1_k0_abweichung,konstant,1.6,1.6,1.0,0.0,abweichung,nominal,37,0.02,1,1.0,2.64,0.003591882014132224,0.0,0,3.0
konstant_lo1.6_hi1.6_s1_k0_abweichung,konstant,1.6,1.6,1.0,0.0,abweichung,nominal,53,0.02,1,1.0,2.563,0.0034380212986322672,0.0,0,3.0
konstant_lo1.6_hi1.6_s1_k0_abweichung,konstant,1.6,1.6,1.0,0.0,abweichung,nominal,71,0.02,1,1.0,2.62,0.003500709897141645,0.0,0,3.0
konstant_lo1.6_hi1.6_s1_k0_abweichung,konstant,1.6,1.6,1.0,0.0,abweichung,erhoeht,11,0.02,1,1.0,2.68,0.006683134531976591,0.0,0,3.0
konstant_lo1.6_hi1.6_s1_k0_abweichung,konstant,1.6,1.6,1.0,0.0,abweichung,erhoeht,23,0.02,1,1.0,3.023,0.007403781257835973,0.0,0,3.0
konstant_lo1.6_hi1.6_s1_k0_abweichung,konstant,1.6,1.6,1.0,0.0,abweichung,erhoeht,37,0.02,1,1.0,2.72,0.007098629132422664,0.0,0,3.0
konstant_lo1.6_hi1.6_s1_k0_abweichung,konstant,1.6,1.6,1.0,0.0,abweichung,erhoeht,53,0.02,1,1.0,3.06,0.007026177268803337,0.0,0,3.0
konstant_lo1.6_hi1.6_s1_k0_abweichung,konstant,1.6,1.6,1.0,0.0,abweichung,erhoeht,71,0.02,1,1.0,3.08,0.00645699513188971,0.0,0,3.0
konstant_lo1.6_hi1.6_s1_k0.34_absolut,konstant,1.6,1.6,1.0,0.34,absolut,nominal,11,0.02,1,1.0,2.5,0.012591395082023232,0.0,0,3.0
konstant_lo1.6_hi1.6_s1_k0.34_absolut,konstant,1.6,1.6,1.0,0.34,absolut,nominal,23,0.02,1,1.0,2.583,0.021079505363177705,0.0,0,3.0
konstant_lo1.6_hi1.6_s1_k0.34_absolut,konstant,1.6,1.6,1.0,0.34,absolut,nominal,37,0.02,1,1.0,2.586,0.016932714222359632,0.0,0,3.0
konstant_lo1.6_hi1.6_s1_k0.34_absolut,konstant,1.6,1.6,1.0,0.34,absolut,nominal,53,0.02,1,1.0,2.5,0.013281014706558642,0.0,0,3.0
konstant_lo1.6_hi1.6_s1_k0.34_absolut,konstant,1.6,1.6,1.0,0.34,absolut,nominal,71,0.02,1,1.0,2.6430000000000002,0.02139139800384006,0.0,0,3.0
konstant_lo1.6_hi1.6_s1_k0.34_absolut,konstant,1.6,1.6,1.0,0.34,absolut,erhoeht,11,0.02,1,1.0,2.566,0.0221150100167295,0.0,0,3.0
konstant_lo1.6_hi1.6_s1_k0.34_absolut,konstant,1.6,1.6,1.0,0.34,absolut,erhoeht,23,0.02,1,1.0,2.8489999999999998,0.034443436152237314,0.0,0,3.0
konstant_lo1.6_hi1.6_s1_k0.34_absolut,konstant,1.6,1.6,1.0,0.34,absolut,erhoeht,37,0.02,1,1.0,2.686,0.02522444517198505,0.0,0,3.0
konstant_lo1.6_hi1.6_s1_k0.34_absolut,konstant,1.6,1.6,1.0,0.34,absolut,erhoeht,53,0.02,1,1.0,2.8030000000000004,0.03454969945124161,0.0,0,3.0
konstant_lo1.6_hi1.6_s1_k0.34_absolut,konstant,1.6,1.6,1.0,0.34,absolut,erhoeht,71,0.02,1,1.0,2.8659999999999997,0.03065769683092414,0.0,0,3.0
konstant_lo1.6_hi1.6_s1_k0.34_abweichung,konstant,1.6,1.6,1.0,0.34,abweichung,nominal,11,0.02,1,1.0,2.48,0.0030502164582592796,0.0,0,3.0
konstant_lo1.6_hi1.6_s1_k0.34_abweichung,konstant,1.6,1.6,1.0,0.34,abweichung,nominal,23,0.02,1,1.0,2.523,0.00249876502249876,0.0,0,3.0
konstant_lo1.6_hi1.6_s1_k0.34_abweichung,konstant,1.6,1.6,1.0,0.34,abweichung,nominal,37,0.02,1,1.0,2.563,0.0028999172259463798,0.0,0,3.0
konstant_lo1.6_hi1.6_s1_k0.34_abweichung,konstant,1.6,1.6,1.0,0.34,abweichung,nominal,53,0.02,1,1.0,2.483,0.0028760489545706374,0.0,0,3.0
konstant_lo1.6_hi1.6_s1_k0.34_abweichung,konstant,1.6,1.6,1.0,0.34,abweichung,nominal,71,0.02,1,1.0,2.58,0.002830431134005107,0.0,0,3.0
konstant_lo1.6_hi1.6_s1_k0.34_abweichung,konstant,1.6,1.6,1.0,0.34,abweichung,erhoeht,11,0.02,1,1.0,2.523,0.005779549051248739,0.0,0,3.0
konstant_lo1.6_hi1.6_s1_k0.34_abweichung,konstant,1.6,1.6,1.0,0.34,abweichung,erhoeht,23,0.02,1,1.0,2.7030000000000003,0.006175461288861921,0.0,0,3.0
konstant_lo1.6_hi1.6_s1_k0.34_abweichung,konstant,1.6,1.6,1.0,0.34,abweichung,erhoeht,37,0.02,1,1.0,2.603,0.005532590097384184,0.0,0,3.0
konstant_lo1.6_hi1.6_s1_k0.34_abweichung,konstant,1.6,1.6,1.0,0.34,abweichung,erhoeht,53,0.02,1,1.0,2.563,0.0055962824450612805,0.0,0,3.0
konstant_lo1.6_hi1.6_s1_k0.34_abweichung,konstant,1.6,1.6,1.0,0.34,abweichung,erhoeht,71,0.02,1,1.0,2.726,0.005031733311223687,0.0,0,3.0
drei_regime_lo0.15_hi1_s0.75_k0_abweichung,drei_regime,0.15,1.0,0.75,0.0,abweichung,nominal,11,0.02,1,0.0,nan,0.39586481302931126,0.0,0,3.0
drei_regime_lo0.15_hi1_s0.75_k0_abweichung,drei_regime,0.15,1.0,0.75,0.0,abweichung,nominal,23,0.02,1,0.0,nan,0.40327615686494056,0.0,0,3.0
drei_regime_lo0.15_hi1_s0.75_k0_abweichung,drei_regime,0.15,1.0,0.75,0.0,abweichung,nominal,37,0.02,1,0.0,nan,0.409291001472792,0.0,0,3.0
drei_regime_lo0.15_hi1_s0.75_k0_abweichung,drei_regime,0.15,1.0,0.75,0.0,abweichung,nominal,53,0.02,1,0.0,nan,0.3961051415969783,0.0,0,3.0
drei_regime_lo0.15_hi1_s0.75_k0_abweichung,drei_regime,0.15,1.0,0.75,0.0,abweichung,nominal,71,0.02,1,0.0,nan,0.41277858944965445,0.0,0,3.0
drei_regime_lo0.15_hi1_s0.75_k0_abweichung,drei_regime,0.15,1.0,0.75,0.0,abweichung,erhoeht,11,0.02,1,0.0,nan,0.40073355564147783,0.0,0,3.0
drei_regime_lo0.15_hi1_s0.75_k0_abweichung,drei_regime,0.15,1.0,0.75,0.0,abweichung,erhoeht,23,0.02,1,0.0,nan,0.4337744288869614,0.0,0,3.0
drei_regime_lo0.15_hi1_s0.75_k0_abweichung,drei_regime,0.15,1.0,0.75,0.0,abweichung,erhoeht,37,0.02,1,0.0,nan,0.41836526014234376,0.0,0,3.0
drei_regime_lo0.15_hi1_s0.75_k0_abweichung,drei_regime,0.15,1.0,0.75,0.0,abweichung,erhoeht,53,0.02,1,0.0,nan,0.4092648760765178,0.0,0,3.0
drei_regime_lo0.15_hi1_s0.75_k0_abweichung,drei_regime,0.15,1.0,0.75,0.0,abweichung,erhoeht,71,0.02,1,0.0,nan,0.42070719495540515,0.0,0,3.0
drei_regime_lo0.15_hi1_s0.75_k0.34_absolut,drei_regime,0.15,1.0,0.75,0.34,absolut,nominal,11,0.02,1,0.1111111111111111,3.649,0.3932141130810216,0.0,0,3.0
drei_regime_lo0.15_hi1_s0.75_k0.34_absolut,drei_regime,0.15,1.0,0.75,0.34,absolut,nominal,23,0.02,1,0.1111111111111111,4.159,0.4022487270175701,0.0,0,3.0
drei_regime_lo0.15_hi1_s0.75_k0.34_absolut,drei_regime,0.15,1.0,0.75,0.34,absolut,nominal,37,0.02,1,0.1111111111111111,3.44,0.40603642477571106,0.0,0,3.0
drei_regime_lo0.15_hi1_s0.75_k0.34_absolut,drei_regime,0.15,1.0,0.75,0.34,absolut,nominal,53,0.02,1,0.1111111111111111,3.5820000000000003,0.39462962428197607,0.0,0,3.0
drei_regime_lo0.15_hi1_s0.75_k0.34_absolut,drei_regime,0.15,1.0,0.75,0.34,absolut,nominal,71,0.02,1,0.1111111111111111,4.256,0.4119293696376249,0.0,0,3.0
drei_regime_lo0.15_hi1_s0.75_k0.34_absolut,drei_regime,0.15,1.0,0.75,0.34,absolut,erhoeht,11,0.02,1,0.05555555555555555,4.22,0.39584925083040345,0.1111111111111111,0,3.0
drei_regime_lo0.15_hi1_s0.75_k0.34_absolut,drei_regime,0.15,1.0,0.75,0.34,absolut,erhoeht,23,0.02,1,0.0,nan,0.425242709093798,0.0,0,3.0
drei_regime_lo0.15_hi1_s0.75_k0.34_absolut,drei_regime,0.15,1.0,0.75,0.34,absolut,erhoeht,37,0.02,1,0.0,nan,0.41447589210960867,0.0,0,3.0
drei_regime_lo0.15_hi1_s0.75_k0.34_absolut,drei_regime,0.15,1.0,0.75,0.34,absolut,erhoeht,53,0.02,1,0.0,nan,0.400567818390254,0.0,0,3.0
drei_regime_lo0.15_hi1_s0.75_k0.34_absolut,drei_regime,0.15,1.0,0.75,0.34,absolut,erhoeht,71,0.02,1,0.0,nan,0.4118690256189883,0.0,0,3.0
drei_regime_lo0.15_hi1_s0.75_k0.34_abweichung,drei_regime,0.15,1.0,0.75,0.34,abweichung,nominal,11,0.02,1,0.1111111111111111,3.2590000000000003,0.39297683993546567,0.0,0,3.0
drei_regime_lo0.15_hi1_s0.75_k0.34_abweichung,drei_regime,0.15,1.0,0.75,0.34,abweichung,nominal,23,0.02,1,0.1111111111111111,3.04,0.4005945668738188,0.0,0,3.0
drei_regime_lo0.15_hi1_s0.75_k0.34_abweichung,drei_regime,0.15,1.0,0.75,0.34,abweichung,nominal,37,0.02,1,0.1111111111111111,2.917,0.40542458852756297,0.0,0,3.0
drei_regime_lo0.15_hi1_s0.75_k0.34_abweichung,drei_regime,0.15,1.0,0.75,0.34,abweichung,nominal,53,0.02,1,0.1111111111111111,3.178,0.39434351121125577,0.0,0,3.0
drei_regime_lo0.15_hi1_s0.75_k0.34_abweichung,drei_regime,0.15,1.0,0.75,0.34,abweichung,nominal,71,0.02,1,0.1111111111111111,3.036,0.4116839253244722,0.0,0,3.0
drei_regime_lo0.15_hi1_s0.75_k0.34_abweichung,drei_regime,0.15,1.0,0.75,0.34,abweichung,erhoeht,11,0.02,1,0.1111111111111111,2.995,0.3944508412397342,0.0,0,3.0
drei_regime_lo0.15_hi1_s0.75_k0.34_abweichung,drei_regime,0.15,1.0,0.75,0.34,abweichung,erhoeht,23,0.02,1,0.1111111111111111,3.608,0.4240653197952172,0.0,0,3.0
drei_regime_lo0.15_hi1_s0.75_k0.34_abweichung,drei_regime,0.15,1.0,0.75,0.34,abweichung,erhoeht,37,0.02,1,0.1111111111111111,3.196,0.4120593127463694,0.0,0,3.0
drei_regime_lo0.15_hi1_s0.75_k0.34_abweichung,drei_regime,0.15,1.0,0.75,0.34,abweichung,erhoeht,53,0.02,1,0.1111111111111111,2.917,0.3969939502244366,0.0,0,3.0
drei_regime_lo0.15_hi1_s0.75_k0.34_abweichung,drei_regime,0.15,1.0,0.75,0.34,abweichung,erhoeht,71,0.02,1,0.1111111111111111,3.615,0.4104050019062875,0.0,0,3.0
drei_regime_lo0.15_hi1_s1_k0_abweichung,drei_regime,0.15,1.0,1.0,0.0,abweichung,nominal,11,0.02,1,0.0,nan,0.5055938090827911,0.0,0,3.0
drei_regime_lo0.15_hi1_s1_k0_abweichung,drei_regime,0.15,1.0,1.0,0.0,abweichung,nominal,23,0.02,1,0.0,nan,0.5143850314334126,0.0,0,3.0
drei_regime_lo0.15_hi1_s1_k0_abweichung,drei_regime,0.15,1.0,1.0,0.0,abweichung,nominal,37,0.02,1,0.0,nan,0.5230550720225953,0.0,0,3.0
drei_regime_lo0.15_hi1_s1_k0_abweichung,drei_regime,0.15,1.0,1.0,0.0,abweichung,nominal,53,0.02,1,0.0,nan,0.5060488479315441,0.0,0,3.0
drei_regime_lo0.15_hi1_s1_k0_abweichung,drei_regime,0.15,1.0,1.0,0.0,abweichung,nominal,71,0.02,1,0.0,nan,0.527136730824587,0.0,0,3.0
drei_regime_lo0.15_hi1_s1_k0_abweichung,drei_regime,0.15,1.0,1.0,0.0,abweichung,erhoeht,11,0.02,1,0.0,nan,0.5115491845949692,0.0,0,3.0
drei_regime_lo0.15_hi1_s1_k0_abweichung,drei_regime,0.15,1.0,1.0,0.0,abweichung,erhoeht,23,0.02,1,0.0,nan,0.5520505729402335,0.0,0,3.0
drei_regime_lo0.15_hi1_s1_k0_abweichung,drei_regime,0.15,1.0,1.0,0.0,abweichung,erhoeht,37,0.02,1,0.0,nan,0.5336586583124976,0.0,0,3.0
drei_regime_lo0.15_hi1_s1_k0_abweichung,drei_regime,0.15,1.0,1.0,0.0,abweichung,erhoeht,53,0.02,1,0.0,nan,0.522485331740345,0.0,0,3.0
drei_regime_lo0.15_hi1_s1_k0_abweichung,drei_regime,0.15,1.0,1.0,0.0,abweichung,erhoeht,71,0.02,1,0.0,nan,0.5380367126747295,0.0,0,3.0
drei_regime_lo0.15_hi1_s1_k0.34_absolut,drei_regime,0.15,1.0,1.0,0.34,absolut,nominal,11,0.02,1,0.1111111111111111,3.847,0.5024703209810242,0.0,0,3.0
drei_regime_lo0.15_hi1_s1_k0.34_absolut,drei_regime,0.15,1.0,1.0,0.34,absolut,nominal,23,0.02,1,0.1111111111111111,4.365,0.5131570012439737,0.0,0,3.0
drei_regime_lo0.15_hi1_s1_k0.34_absolut,drei_regime,0.15,1.0,1.0,0.34,absolut,nominal,37,0.02,1,0.1111111111111111,3.6990000000000003,0.5188867069683877,0.0,0,3.0
drei_regime_lo0.15_hi1_s1_k0.34_absolut,drei_regime,0.15,1.0,1.0,0.34,absolut,nominal,53,0.02,1,0.1111111111111111,3.8040000000000003,0.5034603570735627,0.0,0,3.0
drei_regime_lo0.15_hi1_s1_k0.34_absolut,drei_regime,0.15,1.0,1.0,0.34,absolut,nominal,71,0.02,1,0.1111111111111111,4.44,0.525884629088463,0.0,0,3.0
drei_regime_lo0.15_hi1_s1_k0.34_absolut,drei_regime,0.15,1.0,1.0,0.34,absolut,erhoeht,11,0.02,1,0.05555555555555555,4.28,0.5056375937183878,0.05555555555555555,0,3.0
drei_regime_lo0.15_hi1_s1_k0.34_absolut,drei_regime,0.15,1.0,1.0,0.34,absolut,erhoeht,23,0.02,1,0.0,nan,0.5421359635173846,0.0,0,3.0
drei_regime_lo0.15_hi1_s1_k0.34_absolut,drei_regime,0.15,1.0,1.0,0.34,absolut,erhoeht,37,0.02,1,0.0,nan,0.5285851347862145,0.0,0,3.0
drei_regime_lo0.15_hi1_s1_k0.34_absolut,drei_regime,0.15,1.0,1.0,0.34,absolut,erhoeht,53,0.02,1,0.0,nan,0.5091134182011446,0.0,0,3.0
drei_regime_lo0.15_hi1_s1_k0.34_absolut,drei_regime,0.15,1.0,1.0,0.34,absolut,erhoeht,71,0.02,1,0.0,nan,0.5264749583360545,0.0,0,3.0
drei_regime_lo0.15_hi1_s1_k0.34_abweichung,drei_regime,0.15,1.0,1.0,0.34,abweichung,nominal,11,0.02,1,0.1111111111111111,3.46,0.5019877739801856,0.0,0,3.0
drei_regime_lo0.15_hi1_s1_k0.34_abweichung,drei_regime,0.15,1.0,1.0,0.34,abweichung,nominal,23,0.02,1,0.1111111111111111,3.2390000000000003,0.512232923985176,0.0,0,3.0
drei_regime_lo0.15_hi1_s1_k0.34_abweichung,drei_regime,0.15,1.0,1.0,0.34,abweichung,nominal,37,0.02,1,0.1111111111111111,3.157,0.5188052054824847,0.0,0,3.0
drei_regime_lo0.15_hi1_s1_k0.34_abweichung,drei_regime,0.15,1.0,1.0,0.34,abweichung,nominal,53,0.02,1,0.1111111111111111,3.38,0.5031141017904543,0.0,0,3.0
drei_regime_lo0.15_hi1_s1_k0.34_abweichung,drei_regime,0.15,1.0,1.0,0.34,abweichung,nominal,71,0.02,1,0.1111111111111111,3.257,0.5256601592636385,0.0,0,3.0
drei_regime_lo0.15_hi1_s1_k0.34_abweichung,drei_regime,0.15,1.0,1.0,0.34,abweichung,erhoeht,11,0.02,1,0.1111111111111111,3.237,0.5045495427897199,0.0,0,3.0
drei_regime_lo0.15_hi1_s1_k0.34_abweichung,drei_regime,0.15,1.0,1.0,0.34,abweichung,erhoeht,23,0.02,1,0.1111111111111111,3.732,0.540878968267094,0.0,0,3.0
drei_regime_lo0.15_hi1_s1_k0.34_abweichung,drei_regime,0.15,1.0,1.0,0.34,abweichung,erhoeht,37,0.02,1,0.1111111111111111,3.416,0.5260889383571461,0.0,0,3.0
drei_regime_lo0.15_hi1_s1_k0.34_abweichung,drei_regime,0.15,1.0,1.0,0.34,abweichung,erhoeht,53,0.02,1,0.1111111111111111,3.1590000000000003,0.5062806943729364,0.0,0,3.0
drei_regime_lo0.15_hi1_s1_k0.34_abweichung,drei_regime,0.15,1.0,1.0,0.34,abweichung,erhoeht,71,0.02,1,0.1111111111111111,3.773,0.5246413912811756,0.0,0,3.0
drei_regime_lo0.15_hi1.6_s0.75_k0_abweichung,drei_regime,0.15,1.6,0.75,0.0,abweichung,nominal,11,0.02,1,0.0,nan,0.35660848983396815,0.0,0,3.0
drei_regime_lo0.15_hi1.6_s0.75_k0_abweichung,drei_regime,0.15,1.6,0.75,0.0,abweichung,nominal,23,0.02,1,0.0,nan,0.3627927756733742,0.0,0,3.0
drei_regime_lo0.15_hi1.6_s0.75_k0_abweichung,drei_regime,0.15,1.6,0.75,0.0,abweichung,nominal,37,0.02,1,0.0,nan,0.3695188256614074,0.0,0,3.0
drei_regime_lo0.15_hi1.6_s0.75_k0_abweichung,drei_regime,0.15,1.6,0.75,0.0,abweichung,nominal,53,0.02,1,0.0,nan,0.35714369875590024,0.0,0,3.0
drei_regime_lo0.15_hi1.6_s0.75_k0_abweichung,drei_regime,0.15,1.6,0.75,0.0,abweichung,nominal,71,0.02,1,0.0,nan,0.37195110342878285,0.0,0,3.0
drei_regime_lo0.15_hi1.6_s0.75_k0_abweichung,drei_regime,0.15,1.6,0.75,0.0,abweichung,erhoeht,11,0.02,1,0.0,nan,0.36330928411738733,0.0,0,3.0
drei_regime_lo0.15_hi1.6_s0.75_k0_abweichung,drei_regime,0.15,1.6,0.75,0.0,abweichung,erhoeht,23,0.02,1,0.0,nan,0.3914852990377724,0.0,0,3.0
drei_regime_lo0.15_hi1.6_s0.75_k0_abweichung,drei_regime,0.15,1.6,0.75,0.0,abweichung,erhoeht,37,0.02,1,0.0,nan,0.3758436309991315,0.0,0,3.0
drei_regime_lo0.15_hi1.6_s0.75_k0_abweichung,drei_regime,0.15,1.6,0.75,0.0,abweichung,erhoeht,53,0.02,1,0.0,nan,0.3693172422634607,0.0,0,3.0
drei_regime_lo0.15_hi1.6_s0.75_k0_abweichung,drei_regime,0.15,1.6,0.75,0.0,abweichung,erhoeht,71,0.02,1,0.0,nan,0.3810312048074644,0.0,0,3.0
drei_regime_lo0.15_hi1.6_s0.75_k0.34_absolut,drei_regime,0.15,1.6,0.75,0.34,absolut,nominal,11,0.02,1,0.1111111111111111,3.273,0.3538084398791926,0.0,0,3.0
drei_regime_lo0.15_hi1.6_s0.75_k0.34_absolut,drei_regime,0.15,1.6,0.75,0.34,absolut,nominal,23,0.02,1,0.1111111111111111,3.893,0.36286107433569303,0.0,0,3.0
drei_regime_lo0.15_hi1.6_s0.75_k0.34_absolut,drei_regime,0.15,1.6,0.75,0.34,absolut,nominal,37,0.02,1,0.1111111111111111,3.059,0.3658669742233239,0.0,0,3.0
drei_regime_lo0.15_hi1.6_s0.75_k0.34_absolut,drei_regime,0.15,1.6,0.75,0.34,absolut,nominal,53,0.02,1,0.1111111111111111,3.3409999999999997,0.3563341235063854,0.0,0,3.0
drei_regime_lo0.15_hi1.6_s0.75_k0.34_absolut,drei_regime,0.15,1.6,0.75,0.34,absolut,nominal,71,0.02,1,0.1111111111111111,3.912,0.37193377283609935,0.0,0,3.0
drei_regime_lo0.15_hi1.6_s0.75_k0.34_absolut,drei_regime,0.15,1.6,0.75,0.34,absolut,erhoeht,11,0.02,1,0.1111111111111111,5.401000000000001,0.3573245071106868,0.1111111111111111,0,3.0
drei_regime_lo0.15_hi1.6_s0.75_k0.34_absolut,drei_regime,0.15,1.6,0.75,0.34,absolut,erhoeht,23,0.02,1,0.0,nan,0.3848268522168169,0.0,0,3.0
drei_regime_lo0.15_hi1.6_s0.75_k0.34_absolut,drei_regime,0.15,1.6,0.75,0.34,absolut,erhoeht,37,0.02,1,0.0,nan,0.3732121235963666,0.0,0,3.0
drei_regime_lo0.15_hi1.6_s0.75_k0.34_absolut,drei_regime,0.15,1.6,0.75,0.34,absolut,erhoeht,53,0.02,1,0.0,nan,0.360947589939263,0.0,0,3.0
drei_regime_lo0.15_hi1.6_s0.75_k0.34_absolut,drei_regime,0.15,1.6,0.75,0.34,absolut,erhoeht,71,0.02,1,0.0,nan,0.37458722336692774,0.0,0,3.0
drei_regime_lo0.15_hi1.6_s0.75_k0.34_abweichung,drei_regime,0.15,1.6,0.75,0.34,abweichung,nominal,11,0.02,1,0.16666666666666666,5.178,0.3542306170878844,0.05555555555555555,0,3.0
drei_regime_lo0.15_hi1.6_s0.75_k0.34_abweichung,drei_regime,0.15,1.6,0.75,0.34,abweichung,nominal,23,0.02,1,0.16666666666666666,5.117999999999999,0.3613107958299173,0.0,0,3.0
drei_regime_lo0.15_hi1.6_s0.75_k0.34_abweichung,drei_regime,0.15,1.6,0.75,0.34,abweichung,nominal,37,0.02,1,0.1111111111111111,2.636,0.36570036562351294,0.0,0,3.0
drei_regime_lo0.15_hi1.6_s0.75_k0.34_abweichung,drei_regime,0.15,1.6,0.75,0.34,abweichung,nominal,53,0.02,1,0.1111111111111111,2.88,0.35556708336112675,0.05555555555555555,0,3.0
drei_regime_lo0.15_hi1.6_s0.75_k0.34_abweichung,drei_regime,0.15,1.6,0.75,0.34,abweichung,nominal,71,0.02,1,0.16666666666666666,5.094,0.37044862648032917,0.0,0,3.0
drei_regime_lo0.15_hi1.6_s0.75_k0.34_abweichung,drei_regime,0.15,1.6,0.75,0.34,abweichung,erhoeht,11,0.02,1,0.16666666666666666,5.146,0.35462174137747937,0.0,0,3.0
drei_regime_lo0.15_hi1.6_s0.75_k0.34_abweichung,drei_regime,0.15,1.6,0.75,0.34,abweichung,erhoeht,23,0.02,1,0.16666666666666666,4.872,0.38254499121960506,0.05555555555555555,0,3.0
drei_regime_lo0.15_hi1.6_s0.75_k0.34_abweichung,drei_regime,0.15,1.6,0.75,0.34,abweichung,erhoeht,37,0.02,1,0.1111111111111111,2.8569999999999998,0.37020288858934797,0.0,0,3.0
drei_regime_lo0.15_hi1.6_s0.75_k0.34_abweichung,drei_regime,0.15,1.6,0.75,0.34,abweichung,erhoeht,53,0.02,1,0.2222222222222222,5.301,0.35616102633796154,0.0,0,3.0
drei_regime_lo0.15_hi1.6_s0.75_k0.34_abweichung,drei_regime,0.15,1.6,0.75,0.34,abweichung,erhoeht,71,0.02,1,0.1111111111111111,3.3190000000000004,0.37135018806389003,0.0,0,3.0
drei_regime_lo0.15_hi1.6_s1_k0_abweichung,drei_regime,0.15,1.6,1.0,0.0,abweichung,nominal,11,0.02,1,0.0,nan,0.46400581333897467,0.0,0,3.0
drei_regime_lo0.15_hi1.6_s1_k0_abweichung,drei_regime,0.15,1.6,1.0,0.0,abweichung,nominal,23,0.02,1,0.0,nan,0.4715429995857463,0.0,0,3.0
drei_regime_lo0.15_hi1.6_s1_k0_abweichung,drei_regime,0.15,1.6,1.0,0.0,abweichung,nominal,37,0.02,1,0.0,nan,0.4788674632985591,0.0,0,3.0
drei_regime_lo0.15_hi1.6_s1_k0_abweichung,drei_regime,0.15,1.6,1.0,0.0,abweichung,nominal,53,0.02,1,0.0,nan,0.4639848042715622,0.0,0,3.0
drei_regime_lo0.15_hi1.6_s1_k0_abweichung,drei_regime,0.15,1.6,1.0,0.0,abweichung,nominal,71,0.02,1,0.0,nan,0.48276147257968655,0.0,0,3.0
drei_regime_lo0.15_hi1.6_s1_k0_abweichung,drei_regime,0.15,1.6,1.0,0.0,abweichung,erhoeht,11,0.02,1,0.0,nan,0.4702907715955722,0.0,0,3.0
drei_regime_lo0.15_hi1.6_s1_k0_abweichung,drei_regime,0.15,1.6,1.0,0.0,abweichung,erhoeht,23,0.02,1,0.0,nan,0.504556361465545,0.0,0,3.0
drei_regime_lo0.15_hi1.6_s1_k0_abweichung,drei_regime,0.15,1.6,1.0,0.0,abweichung,erhoeht,37,0.02,1,0.0,nan,0.4890667624433081,0.0,0,3.0
drei_regime_lo0.15_hi1.6_s1_k0_abweichung,drei_regime,0.15,1.6,1.0,0.0,abweichung,erhoeht,53,0.02,1,0.0,nan,0.4790385445228686,0.0,0,3.0
drei_regime_lo0.15_hi1.6_s1_k0_abweichung,drei_regime,0.15,1.6,1.0,0.0,abweichung,erhoeht,71,0.02,1,0.0,nan,0.49311197522366806,0.0,0,3.0
drei_regime_lo0.15_hi1.6_s1_k0.34_absolut,drei_regime,0.15,1.6,1.0,0.34,absolut,nominal,11,0.02,1,0.1111111111111111,3.628,0.46021964734962734,0.0,0,3.0
drei_regime_lo0.15_hi1.6_s1_k0.34_absolut,drei_regime,0.15,1.6,1.0,0.34,absolut,nominal,23,0.02,1,0.1111111111111111,4.138,0.4703301655099596,0.0,0,3.0
drei_regime_lo0.15_hi1.6_s1_k0.34_absolut,drei_regime,0.15,1.6,1.0,0.34,absolut,nominal,37,0.02,1,0.1111111111111111,3.417,0.4758762939309769,0.0,0,3.0
drei_regime_lo0.15_hi1.6_s1_k0.34_absolut,drei_regime,0.15,1.6,1.0,0.34,absolut,nominal,53,0.02,1,0.1111111111111111,3.524,0.46176413137361333,0.0,0,3.0
drei_regime_lo0.15_hi1.6_s1_k0.34_absolut,drei_regime,0.15,1.6,1.0,0.34,absolut,nominal,71,0.02,1,0.1111111111111111,4.235,0.48170848930583327,0.0,0,3.0
drei_regime_lo0.15_hi1.6_s1_k0.34_absolut,drei_regime,0.15,1.6,1.0,0.34,absolut,erhoeht,11,0.02,1,0.05555555555555555,4.22,0.46213620591101606,0.1111111111111111,0,3.0
drei_regime_lo0.15_hi1.6_s1_k0.34_absolut,drei_regime,0.15,1.6,1.0,0.34,absolut,erhoeht,23,0.02,1,0.0,nan,0.49786774599605865,0.0,0,3.0
drei_regime_lo0.15_hi1.6_s1_k0.34_absolut,drei_regime,0.15,1.6,1.0,0.34,absolut,erhoeht,37,0.02,1,0.0,nan,0.4837601581110994,0.0,0,3.0
drei_regime_lo0.15_hi1.6_s1_k0.34_absolut,drei_regime,0.15,1.6,1.0,0.34,absolut,erhoeht,53,0.02,1,0.0,nan,0.4658954734808765,0.0,0,3.0
drei_regime_lo0.15_hi1.6_s1_k0.34_absolut,drei_regime,0.15,1.6,1.0,0.34,absolut,erhoeht,71,0.02,1,0.0,nan,0.48394808132071504,0.0,0,3.0
drei_regime_lo0.15_hi1.6_s1_k0.34_abweichung,drei_regime,0.15,1.6,1.0,0.34,abweichung,nominal,11,0.02,1,0.1111111111111111,3.238,0.4602131417644226,0.0,0,3.0
drei_regime_lo0.15_hi1.6_s1_k0.34_abweichung,drei_regime,0.15,1.6,1.0,0.34,abweichung,nominal,23,0.02,1,0.1111111111111111,2.98,0.46851173336643365,0.0,0,3.0
drei_regime_lo0.15_hi1.6_s1_k0.34_abweichung,drei_regime,0.15,1.6,1.0,0.34,abweichung,nominal,37,0.02,1,0.1111111111111111,2.877,0.4751737011703988,0.0,0,3.0
drei_regime_lo0.15_hi1.6_s1_k0.34_abweichung,drei_regime,0.15,1.6,1.0,0.34,abweichung,nominal,53,0.02,1,0.1111111111111111,3.138,0.46146878235712585,0.0,0,3.0
drei_regime_lo0.15_hi1.6_s1_k0.34_abweichung,drei_regime,0.15,1.6,1.0,0.34,abweichung,nominal,71,0.02,1,0.1111111111111111,2.997,0.4808138366112963,0.0,0,3.0
drei_regime_lo0.15_hi1.6_s1_k0.34_abweichung,drei_regime,0.15,1.6,1.0,0.34,abweichung,erhoeht,11,0.02,1,0.1111111111111111,2.957,0.46068097547912734,0.0,0,3.0
drei_regime_lo0.15_hi1.6_s1_k0.34_abweichung,drei_regime,0.15,1.6,1.0,0.34,abweichung,erhoeht,23,0.02,1,0.1111111111111111,3.648,0.4944512211425736,0.0,0,3.0
drei_regime_lo0.15_hi1.6_s1_k0.34_abweichung,drei_regime,0.15,1.6,1.0,0.34,abweichung,erhoeht,37,0.02,1,0.1111111111111111,3.078,0.4814386684948625,0.0,0,3.0
drei_regime_lo0.15_hi1.6_s1_k0.34_abweichung,drei_regime,0.15,1.6,1.0,0.34,abweichung,erhoeht,53,0.02,1,0.1111111111111111,2.896,0.4630118656694946,0.05555555555555555,0,3.0
drei_regime_lo0.15_hi1.6_s1_k0.34_abweichung,drei_regime,0.15,1.6,1.0,0.34,abweichung,erhoeht,71,0.02,1,0.1111111111111111,3.613,0.48067074458610387,0.0,0,3.0
drei_regime_lo0.4_hi1_s0.75_k0_abweichung,drei_regime,0.4,1.0,0.75,0.0,abweichung,nominal,11,0.02,1,0.2222222222222222,5.097,0.13040094329046256,0.0,0,3.0
drei_regime_lo0.4_hi1_s0.75_k0_abweichung,drei_regime,0.4,1.0,0.75,0.0,abweichung,nominal,23,0.02,1,0.2222222222222222,4.848,0.1354314037274198,0.0,0,3.0
drei_regime_lo0.4_hi1_s0.75_k0_abweichung,drei_regime,0.4,1.0,0.75,0.0,abweichung,nominal,37,0.02,1,0.2222222222222222,5.074,0.1421005892606314,0.0,0,3.0
drei_regime_lo0.4_hi1_s0.75_k0_abweichung,drei_regime,0.4,1.0,0.75,0.0,abweichung,nominal,53,0.02,1,0.2222222222222222,5.351,0.13147986546590346,0.0,0,3.0
drei_regime_lo0.4_hi1_s0.75_k0_abweichung,drei_regime,0.4,1.0,0.75,0.0,abweichung,nominal,71,0.02,1,0.16666666666666666,5.42,0.14287805298192,0.0,0,3.0
drei_regime_lo0.4_hi1_s0.75_k0_abweichung,drei_regime,0.4,1.0,0.75,0.0,abweichung,erhoeht,11,0.02,1,0.2222222222222222,5.468,0.14049040324149986,0.0,0,3.0
drei_regime_lo0.4_hi1_s0.75_k0_abweichung,drei_regime,0.4,1.0,0.75,0.0,abweichung,erhoeht,23,0.02,1,0.1111111111111111,5.068,0.17259125051118818,0.05555555555555555,0,3.0
drei_regime_lo0.4_hi1_s0.75_k0_abweichung,drei_regime,0.4,1.0,0.75,0.0,abweichung,erhoeht,37,0.02,1,0.16666666666666666,5.428,0.15298413131801028,0.05555555555555555,0,3.0
drei_regime_lo0.4_hi1_s0.75_k0_abweichung,drei_regime,0.4,1.0,0.75,0.0,abweichung,erhoeht,53,0.02,1,0.2222222222222222,5.216,0.15706366980496883,0.05555555555555555,0,3.0
drei_regime_lo0.4_hi1_s0.75_k0_abweichung,drei_regime,0.4,1.0,0.75,0.0,abweichung,erhoeht,71,0.02,1,0.05555555555555555,5.38,0.16955125701096438,0.0,0,3.0
drei_regime_lo0.4_hi1_s0.75_k0.34_absolut,drei_regime,0.4,1.0,0.75,0.34,absolut,nominal,11,0.02,1,0.4444444444444444,5.473,0.12582823048064778,0.0,0,3.0
drei_regime_lo0.4_hi1_s0.75_k0.34_absolut,drei_regime,0.4,1.0,0.75,0.34,absolut,nominal,23,0.02,1,0.3333333333333333,3.935,0.13496394391446898,0.0,0,3.0
drei_regime_lo0.4_hi1_s0.75_k0.34_absolut,drei_regime,0.4,1.0,0.75,0.34,absolut,nominal,37,0.02,1,0.3333333333333333,3.7750000000000004,0.13715433334405475,0.0,0,3.0
drei_regime_lo0.4_hi1_s0.75_k0.34_absolut,drei_regime,0.4,1.0,0.75,0.34,absolut,nominal,53,0.02,1,0.3888888888888889,4.887999999999999,0.1259908880241089,0.0,0,3.0
drei_regime_lo0.4_hi1_s0.75_k0.34_absolut,drei_regime,0.4,1.0,0.75,0.34,absolut,nominal,71,0.02,1,0.3333333333333333,4.115,0.1428248690786151,0.0,0,3.0
drei_regime_lo0.4_hi1_s0.75_k0.34_absolut,drei_regime,0.4,1.0,0.75,0.34,absolut,erhoeht,11,0.02,1,0.3888888888888889,5.143999999999999,0.13176222071252852,0.05555555555555555,0,3.0
drei_regime_lo0.4_hi1_s0.75_k0.34_absolut,drei_regime,0.4,1.0,0.75,0.34,absolut,erhoeht,23,0.02,1,0.0,nan,0.158484306545264,0.0,0,3.0
drei_regime_lo0.4_hi1_s0.75_k0.34_absolut,drei_regime,0.4,1.0,0.75,0.34,absolut,erhoeht,37,0.02,1,0.3333333333333333,5.39,0.14918861745627424,0.16666666666666666,0,3.0
drei_regime_lo0.4_hi1_s0.75_k0.34_absolut,drei_regime,0.4,1.0,0.75,0.34,absolut,erhoeht,53,0.02,1,0.0,nan,0.14068781865319124,0.0,0,3.0
drei_regime_lo0.4_hi1_s0.75_k0.34_absolut,drei_regime,0.4,1.0,0.75,0.34,absolut,erhoeht,71,0.02,1,0.05555555555555555,5.14,0.14949937741205035,0.1111111111111111,0,3.0
drei_regime_lo0.4_hi1_s0.75_k0.34_abweichung,drei_regime,0.4,1.0,0.75,0.34,abweichung,nominal,11,0.02,1,0.5555555555555556,5.431,0.1239995055599969,0.0,0,3.0
drei_regime_lo0.4_hi1_s0.75_k0.34_abweichung,drei_regime,0.4,1.0,0.75,0.34,abweichung,nominal,23,0.02,1,0.4444444444444444,5.4190000000000005,0.13017671958282798,0.0,0,3.0
drei_regime_lo0.4_hi1_s0.75_k0.34_abweichung,drei_regime,0.4,1.0,0.75,0.34,abweichung,nominal,37,0.02,1,0.4444444444444444,5.393,0.13454380999700397,0.0,0,3.0
drei_regime_lo0.4_hi1_s0.75_k0.34_abweichung,drei_regime,0.4,1.0,0.75,0.34,abweichung,nominal,53,0.02,1,0.5555555555555556,5.471,0.12477382782063094,0.0,0,3.0
drei_regime_lo0.4_hi1_s0.75_k0.34_abweichung,drei_regime,0.4,1.0,0.75,0.34,abweichung,nominal,71,0.02,1,0.3888888888888889,4.807999999999998,0.13941797183528237,0.0,0,3.0
drei_regime_lo0.4_hi1_s0.75_k0.34_abweichung,drei_regime,0.4,1.0,0.75,0.34,abweichung,erhoeht,11,0.02,1,0.5555555555555556,5.362,0.12696430148886942,0.0,0,3.0
drei_regime_lo0.4_hi1_s0.75_k0.34_abweichung,drei_regime,0.4,1.0,0.75,0.34,abweichung,erhoeht,23,0.02,1,0.3333333333333333,3.35,0.15069227904784613,0.05555555555555555,0,3.0
drei_regime_lo0.4_hi1_s0.75_k0.34_abweichung,drei_regime,0.4,1.0,0.75,0.34,abweichung,erhoeht,37,0.02,1,0.3888888888888889,4.869999999999999,0.14263902987534816,0.0,0,3.0
drei_regime_lo0.4_hi1_s0.75_k0.34_abweichung,drei_regime,0.4,1.0,0.75,0.34,abweichung,erhoeht,53,0.02,1,0.3888888888888889,4.823999999999999,0.1291629536713508,0.0,0,3.0
drei_regime_lo0.4_hi1_s0.75_k0.34_abweichung,drei_regime,0.4,1.0,0.75,0.34,abweichung,erhoeht,71,0.02,1,0.3333333333333333,3.9699999999999998,0.14179050859345482,0.0,0,3.0
drei_regime_lo0.4_hi1_s1_k0_abweichung,drei_regime,0.4,1.0,1.0,0.0,abweichung,nominal,11,0.02,1,0.16666666666666666,5.498,0.15501476751336224,0.0,0,3.0
drei_regime_lo0.4_hi1_s1_k0_abweichung,drei_regime,0.4,1.0,1.0,0.0,abweichung,nominal,23,0.02,1,0.2222222222222222,5.271,0.16112123414526616,0.0,0,3.0
drei_regime_lo0.4_hi1_s1_k0_abweichung,drei_regime,0.4,1.0,1.0,0.0,abweichung,nominal,37,0.02,1,0.1111111111111111,5.255999999999999,0.16896074154162782,0.0,0,3.0
drei_regime_lo0.4_hi1_s1_k0_abweichung,drei_regime,0.4,1.0,1.0,0.0,abweichung,nominal,53,0.02,1,0.1111111111111111,4.875,0.15607497390810582,0.0,0,3.0
drei_regime_lo0.4_hi1_s1_k0_abweichung,drei_regime,0.4,1.0,1.0,0.0,abweichung,nominal,71,0.02,1,0.1111111111111111,5.258,0.16964099176953057,0.0,0,3.0
drei_regime_lo0.4_hi1_s1_k0_abweichung,drei_regime,0.4,1.0,1.0,0.0,abweichung,erhoeht,11,0.02,1,0.1111111111111111,5.313000000000001,0.16703073124382148,0.0,0,3.0
drei_regime_lo0.4_hi1_s1_k0_abweichung,drei_regime,0.4,1.0,1.0,0.0,abweichung,erhoeht,23,0.02,1,0.05555555555555555,5.32,0.20398389536974337,0.0,0,3.0
drei_regime_lo0.4_hi1_s1_k0_abweichung,drei_regime,0.4,1.0,1.0,0.0,abweichung,erhoeht,37,0.02,1,0.0,nan,0.1813015606233148,0.0,0,3.0
drei_regime_lo0.4_hi1_s1_k0_abweichung,drei_regime,0.4,1.0,1.0,0.0,abweichung,erhoeht,53,0.02,1,0.1111111111111111,5.493,0.18682386639350862,0.0,0,3.0
drei_regime_lo0.4_hi1_s1_k0_abweichung,drei_regime,0.4,1.0,1.0,0.0,abweichung,erhoeht,71,0.02,1,0.0,nan,0.20161654103338045,0.0,0,3.0
drei_regime_lo0.4_hi1_s1_k0.34_absolut,drei_regime,0.4,1.0,1.0,0.34,absolut,nominal,11,0.02,1,0.3333333333333333,3.5700000000000003,0.14917238860589482,0.0,0,3.0
drei_regime_lo0.4_hi1_s1_k0.34_absolut,drei_regime,0.4,1.0,1.0,0.34,absolut,nominal,23,0.02,1,0.3333333333333333,4.1,0.15887470134150772,0.0,0,3.0
drei_regime_lo0.4_hi1_s1_k0.34_absolut,drei_regime,0.4,1.0,1.0,0.34,absolut,nominal,37,0.02,1,0.3333333333333333,3.94,0.16254531747111775,0.0,0,3.0
drei_regime_lo0.4_hi1_s1_k0.34_absolut,drei_regime,0.4,1.0,1.0,0.34,absolut,nominal,53,0.02,1,0.3333333333333333,3.875,0.14916080459365585,0.0,0,3.0
drei_regime_lo0.4_hi1_s1_k0.34_absolut,drei_regime,0.4,1.0,1.0,0.34,absolut,nominal,71,0.02,1,0.3333333333333333,4.255,0.16846831200398255,0.0,0,3.0
drei_regime_lo0.4_hi1_s1_k0.34_absolut,drei_regime,0.4,1.0,1.0,0.34,absolut,erhoeht,11,0.02,1,0.3333333333333333,4.765000000000001,0.15484760482113233,0.16666666666666666,0,3.0
drei_regime_lo0.4_hi1_s1_k0.34_absolut,drei_regime,0.4,1.0,1.0,0.34,absolut,erhoeht,23,0.02,1,0.0,nan,0.18480934830073045,0.0,0,3.0
drei_regime_lo0.4_hi1_s1_k0.34_absolut,drei_regime,0.4,1.0,1.0,0.34,absolut,erhoeht,37,0.02,1,0.2777777777777778,5.216,0.17529545848803543,0.16666666666666666,0,3.0
drei_regime_lo0.4_hi1_s1_k0.34_absolut,drei_regime,0.4,1.0,1.0,0.34,absolut,erhoeht,53,0.02,1,0.0,nan,0.16340107129759476,0.0,0,3.0
drei_regime_lo0.4_hi1_s1_k0.34_absolut,drei_regime,0.4,1.0,1.0,0.34,absolut,erhoeht,71,0.02,1,0.05555555555555555,5.14,0.17511997977427265,0.1111111111111111,0,3.0
drei_regime_lo0.4_hi1_s1_k0.34_abweichung,drei_regime,0.4,1.0,1.0,0.34,abweichung,nominal,11,0.02,1,0.3333333333333333,3.3899999999999997,0.14771937164751442,0.0,0,3.0
drei_regime_lo0.4_hi1_s1_k0.34_abweichung,drei_regime,0.4,1.0,1.0,0.34,abweichung,nominal,23,0.02,1,0.3333333333333333,3.41,0.15507044355341817,0.0,0,3.0
drei_regime_lo0.4_hi1_s1_k0.34_abweichung,drei_regime,0.4,1.0,1.0,0.34,abweichung,nominal,37,0.02,1,0.3333333333333333,3.6500000000000004,0.16025695075027158,0.0,0,3.0
drei_regime_lo0.4_hi1_s1_k0.34_abweichung,drei_regime,0.4,1.0,1.0,0.34,abweichung,nominal,53,0.02,1,0.3333333333333333,3.63,0.14814341948533624,0.0,0,3.0
drei_regime_lo0.4_hi1_s1_k0.34_abweichung,drei_regime,0.4,1.0,1.0,0.34,abweichung,nominal,71,0.02,1,0.3333333333333333,3.515,0.16559989111069207,0.0,0,3.0
drei_regime_lo0.4_hi1_s1_k0.34_abweichung,drei_regime,0.4,1.0,1.0,0.34,abweichung,erhoeht,11,0.02,1,0.3333333333333333,3.59,0.15088666356176275,0.0,0,3.0
drei_regime_lo0.4_hi1_s1_k0.34_abweichung,drei_regime,0.4,1.0,1.0,0.34,abweichung,erhoeht,23,0.02,1,0.3333333333333333,3.49,0.17862307777625747,0.0,0,3.0
drei_regime_lo0.4_hi1_s1_k0.34_abweichung,drei_regime,0.4,1.0,1.0,0.34,abweichung,erhoeht,37,0.02,1,0.3333333333333333,3.81,0.1692697704932266,0.0,0,3.0
drei_regime_lo0.4_hi1_s1_k0.34_abweichung,drei_regime,0.4,1.0,1.0,0.34,abweichung,erhoeht,53,0.02,1,0.3333333333333333,3.535,0.15349417093987766,0.0,0,3.0
drei_regime_lo0.4_hi1_s1_k0.34_abweichung,drei_regime,0.4,1.0,1.0,0.34,abweichung,erhoeht,71,0.02,1,0.3333333333333333,4.075,0.16856687417625354,0.0,0,3.0
drei_regime_lo0.4_hi1.6_s0.75_k0_abweichung,drei_regime,0.4,1.6,0.75,0.0,abweichung,nominal,11,0.02,1,0.2222222222222222,4.5,0.10407513267479755,0.0,0,3.0
drei_regime_lo0.4_hi1.6_s0.75_k0_abweichung,drei_regime,0.4,1.6,0.75,0.0,abweichung,nominal,23,0.02,1,0.2222222222222222,4.287999999999999,0.10808133016941493,0.0,0,3.0
drei_regime_lo0.4_hi1.6_s0.75_k0_abweichung,drei_regime,0.4,1.6,0.75,0.0,abweichung,nominal,37,0.02,1,0.2222222222222222,4.497,0.11380432503950995,0.0,0,3.0
drei_regime_lo0.4_hi1.6_s0.75_k0_abweichung,drei_regime,0.4,1.6,0.75,0.0,abweichung,nominal,53,0.02,1,0.2222222222222222,4.843999999999999,0.1053576055543042,0.0,0,3.0
drei_regime_lo0.4_hi1.6_s0.75_k0_abweichung,drei_regime,0.4,1.6,0.75,0.0,abweichung,nominal,71,0.02,1,0.2222222222222222,4.877,0.11414252497947384,0.0,0,3.0
drei_regime_lo0.4_hi1.6_s0.75_k0_abweichung,drei_regime,0.4,1.6,0.75,0.0,abweichung,erhoeht,11,0.02,1,0.2222222222222222,4.9990000000000006,0.1126491976754876,0.0,0,3.0
drei_regime_lo0.4_hi1.6_s0.75_k0_abweichung,drei_regime,0.4,1.6,0.75,0.0,abweichung,erhoeht,23,0.02,1,0.2222222222222222,5.299,0.13870500041915018,0.0,0,3.0
drei_regime_lo0.4_hi1.6_s0.75_k0_abweichung,drei_regime,0.4,1.6,0.75,0.0,abweichung,erhoeht,37,0.02,1,0.2222222222222222,5.102,0.12218300463322943,0.0,0,3.0
drei_regime_lo0.4_hi1.6_s0.75_k0_abweichung,drei_regime,0.4,1.6,0.75,0.0,abweichung,erhoeht,53,0.02,1,0.2222222222222222,4.622,0.12567425946925428,0.0,0,3.0
drei_regime_lo0.4_hi1.6_s0.75_k0_abweichung,drei_regime,0.4,1.6,0.75,0.0,abweichung,erhoeht,71,0.02,1,0.1111111111111111,5.122,0.1354454976991537,0.0,0,3.0
drei_regime_lo0.4_hi1.6_s0.75_k0.34_absolut,drei_regime,0.4,1.6,0.75,0.34,absolut,nominal,11,0.02,1,0.5555555555555556,5.297,0.1008346288775456,0.0,0,3.0
drei_regime_lo0.4_hi1.6_s0.75_k0.34_absolut,drei_regime,0.4,1.6,0.75,0.34,absolut,nominal,23,0.02,1,0.3333333333333333,3.575,0.10963260632138284,0.0,0,3.0
drei_regime_lo0.4_hi1.6_s0.75_k0.34_absolut,drei_regime,0.4,1.6,0.75,0.34,absolut,nominal,37,0.02,1,0.5555555555555556,5.473,0.11005127615785339,0.0,0,3.0
drei_regime_lo0.4_hi1.6_s0.75_k0.34_absolut,drei_regime,0.4,1.6,0.75,0.34,absolut,nominal,53,0.02,1,0.5555555555555556,5.362,0.10159414814349026,0.0,0,3.0
drei_regime_lo0.4_hi1.6_s0.75_k0.34_absolut,drei_regime,0.4,1.6,0.75,0.34,absolut,nominal,71,0.02,1,0.3333333333333333,3.7,0.11568700344779788,0.0,0,3.0
drei_regime_lo0.4_hi1.6_s0.75_k0.34_absolut,drei_regime,0.4,1.6,0.75,0.34,absolut,erhoeht,11,0.02,1,0.3888888888888889,4.835999999999999,0.10729199677873388,0.1111111111111111,0,3.0
drei_regime_lo0.4_hi1.6_s0.75_k0.34_absolut,drei_regime,0.4,1.6,0.75,0.34,absolut,erhoeht,23,0.02,1,0.0,nan,0.13042752125451695,0.0,0,3.0
drei_regime_lo0.4_hi1.6_s0.75_k0.34_absolut,drei_regime,0.4,1.6,0.75,0.34,absolut,erhoeht,37,0.02,1,0.3333333333333333,4.8100000000000005,0.12196267180282468,0.05555555555555555,0,3.0
drei_regime_lo0.4_hi1.6_s0.75_k0.34_absolut,drei_regime,0.4,1.6,0.75,0.34,absolut,erhoeht,53,0.02,1,0.0,nan,0.11705677181537075,0.0,0,3.0
drei_regime_lo0.4_hi1.6_s0.75_k0.34_absolut,drei_regime,0.4,1.6,0.75,0.34,absolut,erhoeht,71,0.02,1,0.05555555555555555,5.14,0.12434180623498076,0.16666666666666666,0,3.0
drei_regime_lo0.4_hi1.6_s0.75_k0.34_abweichung,drei_regime,0.4,1.6,0.75,0.34,abweichung,nominal,11,0.02,1,0.5555555555555556,5.073,0.09868300366459865,0.0,0,3.0
drei_regime_lo0.4_hi1.6_s0.75_k0.34_abweichung,drei_regime,0.4,1.6,0.75,0.34,abweichung,nominal,23,0.02,1,0.5555555555555556,5.204,0.10378060357820867,0.0,0,3.0
drei_regime_lo0.4_hi1.6_s0.75_k0.34_abweichung,drei_regime,0.4,1.6,0.75,0.34,abweichung,nominal,37,0.02,1,0.5555555555555556,5.24,0.10706566186571215,0.0,0,3.0
drei_regime_lo0.4_hi1.6_s0.75_k0.34_abweichung,drei_regime,0.4,1.6,0.75,0.34,abweichung,nominal,53,0.02,1,0.5555555555555556,5.1129999999999995,0.09998729923056947,0.0,0,3.0
drei_regime_lo0.4_hi1.6_s0.75_k0.34_abweichung,drei_regime,0.4,1.6,0.75,0.34,abweichung,nominal,71,0.02,1,0.5555555555555556,5.211,0.11127241086255203,0.0,0,3.0
drei_regime_lo0.4_hi1.6_s0.75_k0.34_abweichung,drei_regime,0.4,1.6,0.75,0.34,abweichung,erhoeht,11,0.02,1,0.5555555555555556,5.091,0.10111324273619961,0.0,0,3.0
drei_regime_lo0.4_hi1.6_s0.75_k0.34_abweichung,drei_regime,0.4,1.6,0.75,0.34,abweichung,erhoeht,23,0.02,1,0.5555555555555556,5.311,0.12065265500148606,0.0,0,3.0
drei_regime_lo0.4_hi1.6_s0.75_k0.34_abweichung,drei_regime,0.4,1.6,0.75,0.34,abweichung,erhoeht,37,0.02,1,0.5555555555555556,5.3100000000000005,0.11387231467430331,0.0,0,3.0
drei_regime_lo0.4_hi1.6_s0.75_k0.34_abweichung,drei_regime,0.4,1.6,0.75,0.34,abweichung,erhoeht,53,0.02,1,0.5555555555555556,5.311,0.1027142202682344,0.0,0,3.0
drei_regime_lo0.4_hi1.6_s0.75_k0.34_abweichung,drei_regime,0.4,1.6,0.75,0.34,abweichung,erhoeht,71,0.02,1,0.5,5.46,0.11285153307841977,0.0,0,3.0
drei_regime_lo0.4_hi1.6_s1_k0_abweichung,drei_regime,0.4,1.6,1.0,0.0,abweichung,nominal,11,0.02,1,0.2222222222222222,5.077,0.12920619311317397,0.0,0,3.0
drei_regime_lo0.4_hi1.6_s1_k0_abweichung,drei_regime,0.4,1.6,1.0,0.0,abweichung,nominal,23,0.02,1,0.2222222222222222,4.811,0.13409943746144948,0.0,0,3.0
drei_regime_lo0.4_hi1.6_s1_k0_abweichung,drei_regime,0.4,1.6,1.0,0.0,abweichung,nominal,37,0.02,1,0.2222222222222222,5.054,0.14085130058628448,0.0,0,3.0
drei_regime_lo0.4_hi1.6_s1_k0_abweichung,drei_regime,0.4,1.6,1.0,0.0,abweichung,nominal,53,0.02,1,0.2222222222222222,5.348,0.13016494437997053,0.0,0,3.0
drei_regime_lo0.4_hi1.6_s1_k0_abweichung,drei_regime,0.4,1.6,1.0,0.0,abweichung,nominal,71,0.02,1,0.2222222222222222,5.48,0.14143776961591945,0.0,0,3.0
drei_regime_lo0.4_hi1.6_s1_k0_abweichung,drei_regime,0.4,1.6,1.0,0.0,abweichung,erhoeht,11,0.02,1,0.2222222222222222,5.4590000000000005,0.13994151148111236,0.0,0,3.0
drei_regime_lo0.4_hi1.6_s1_k0_abweichung,drei_regime,0.4,1.6,1.0,0.0,abweichung,erhoeht,23,0.02,1,0.1111111111111111,5.008,0.170668217494952,0.0,0,3.0
drei_regime_lo0.4_hi1.6_s1_k0_abweichung,drei_regime,0.4,1.6,1.0,0.0,abweichung,erhoeht,37,0.02,1,0.16666666666666666,5.428,0.1511510423921989,0.0,0,3.0
drei_regime_lo0.4_hi1.6_s1_k0_abweichung,drei_regime,0.4,1.6,1.0,0.0,abweichung,erhoeht,53,0.02,1,0.2222222222222222,5.139,0.15607426524113868,0.05555555555555555,0,3.0
drei_regime_lo0.4_hi1.6_s1_k0_abweichung,drei_regime,0.4,1.6,1.0,0.0,abweichung,erhoeht,71,0.02,1,0.05555555555555555,5.38,0.1683332209374218,0.0,0,3.0
drei_regime_lo0.4_hi1.6_s1_k0.34_absolut,drei_regime,0.4,1.6,1.0,0.34,absolut,nominal,11,0.02,1,0.4444444444444444,5.433,0.12465797681106365,0.0,0,3.0
drei_regime_lo0.4_hi1.6_s1_k0.34_absolut,drei_regime,0.4,1.6,1.0,0.34,absolut,nominal,23,0.02,1,0.3333333333333333,3.82,0.1338394282736076,0.05555555555555555,0,3.0
drei_regime_lo0.4_hi1.6_s1_k0.34_absolut,drei_regime,0.4,1.6,1.0,0.34,absolut,nominal,37,0.02,1,0.3333333333333333,3.66,0.135737446020736,0.0,0,3.0
drei_regime_lo0.4_hi1.6_s1_k0.34_absolut,drei_regime,0.4,1.6,1.0,0.34,absolut,nominal,53,0.02,1,0.3888888888888889,4.823999999999999,0.12470661543479998,0.0,0,3.0
drei_regime_lo0.4_hi1.6_s1_k0.34_absolut,drei_regime,0.4,1.6,1.0,0.34,absolut,nominal,71,0.02,1,0.3333333333333333,3.96,0.14139623708707144,0.0,0,3.0
drei_regime_lo0.4_hi1.6_s1_k0.34_absolut,drei_regime,0.4,1.6,1.0,0.34,absolut,erhoeht,11,0.02,1,0.3888888888888889,5.005999999999999,0.1304393181603669,0.1111111111111111,0,3.0
drei_regime_lo0.4_hi1.6_s1_k0.34_absolut,drei_regime,0.4,1.6,1.0,0.34,absolut,erhoeht,23,0.02,1,0.0,nan,0.1570102578947308,0.0,0,3.0
drei_regime_lo0.4_hi1.6_s1_k0.34_absolut,drei_regime,0.4,1.6,1.0,0.34,absolut,erhoeht,37,0.02,1,0.3333333333333333,5.19,0.1480838626839017,0.16666666666666666,0,3.0
drei_regime_lo0.4_hi1.6_s1_k0.34_absolut,drei_regime,0.4,1.6,1.0,0.34,absolut,erhoeht,53,0.02,1,0.0,nan,0.13947257004514954,0.0,0,3.0
drei_regime_lo0.4_hi1.6_s1_k0.34_absolut,drei_regime,0.4,1.6,1.0,0.34,absolut,erhoeht,71,0.02,1,0.05555555555555555,5.14,0.14897830698484937,0.1111111111111111,0,3.0
drei_regime_lo0.4_hi1.6_s1_k0.34_abweichung,drei_regime,0.4,1.6,1.0,0.34,abweichung,nominal,11,0.02,1,0.5555555555555556,5.402,0.12266385546945502,0.0,0,3.0
drei_regime_lo0.4_hi1.6_s1_k0.34_abweichung,drei_regime,0.4,1.6,1.0,0.34,abweichung,nominal,23,0.02,1,0.5555555555555556,5.482,0.12875880477776647,0.0,0,3.0
drei_regime_lo0.4_hi1.6_s1_k0.34_abweichung,drei_regime,0.4,1.6,1.0,0.34,abweichung,nominal,37,0.02,1,0.4444444444444444,5.36,0.13307396251280013,0.0,0,3.0
drei_regime_lo0.4_hi1.6_s1_k0.34_abweichung,drei_regime,0.4,1.6,1.0,0.34,abweichung,nominal,53,0.02,1,0.5555555555555556,5.431,0.12340752008320914,0.0,0,3.0
drei_regime_lo0.4_hi1.6_s1_k0.34_abweichung,drei_regime,0.4,1.6,1.0,0.34,abweichung,nominal,71,0.02,1,0.5,5.492,0.13790573014039958,0.0,0,3.0
drei_regime_lo0.4_hi1.6_s1_k0.34_abweichung,drei_regime,0.4,1.6,1.0,0.34,abweichung,erhoeht,11,0.02,1,0.5555555555555556,5.331,0.12560619954918242,0.0,0,3.0
drei_regime_lo0.4_hi1.6_s1_k0.34_abweichung,drei_regime,0.4,1.6,1.0,0.34,abweichung,erhoeht,23,0.02,1,0.3333333333333333,3.125,0.1491632308687712,0.0,0,3.0
drei_regime_lo0.4_hi1.6_s1_k0.34_abweichung,drei_regime,0.4,1.6,1.0,0.34,abweichung,erhoeht,37,0.02,1,0.4444444444444444,5.438000000000001,0.14135148976933684,0.0,0,3.0
drei_regime_lo0.4_hi1.6_s1_k0.34_abweichung,drei_regime,0.4,1.6,1.0,0.34,abweichung,erhoeht,53,0.02,1,0.3888888888888889,4.769999999999999,0.12762465382647747,0.0,0,3.0
drei_regime_lo0.4_hi1.6_s1_k0.34_abweichung,drei_regime,0.4,1.6,1.0,0.34,abweichung,erhoeht,71,0.02,1,0.3888888888888889,4.979999999999999,0.14010743429019937,0.0,0,3.0
drei_regime_lo0.8_hi1_s0.75_k0_abweichung,drei_regime,0.8,1.0,0.75,0.0,abweichung,nominal,11,0.02,1,1.0,4.863,0.021422699625080158,0.0,0,3.0
drei_regime_lo0.8_hi1_s0.75_k0_abweichung,drei_regime,0.8,1.0,0.75,0.0,abweichung,nominal,23,0.02,1,1.0,4.92,0.022180775293190323,0.0,0,3.0
drei_regime_lo0.8_hi1_s0.75_k0_abweichung,drei_regime,0.8,1.0,0.75,0.0,abweichung,nominal,37,0.02,1,1.0,5.069,0.02510850005098768,0.0,0,3.0
drei_regime_lo0.8_hi1_s0.75_k0_abweichung,drei_regime,0.8,1.0,0.75,0.0,abweichung,nominal,53,0.02,1,1.0,4.88,0.022824656668609895,0.0,0,3.0
drei_regime_lo0.8_hi1_s0.75_k0_abweichung,drei_regime,0.8,1.0,0.75,0.0,abweichung,nominal,71,0.02,1,1.0,5.0,0.024607264954775367,0.0,0,3.0
drei_regime_lo0.8_hi1_s0.75_k0_abweichung,drei_regime,0.8,1.0,0.75,0.0,abweichung,erhoeht,11,0.02,1,1.0,5.083,0.02794110067700584,0.0,0,3.0
drei_regime_lo0.8_hi1_s0.75_k0_abweichung,drei_regime,0.8,1.0,0.75,0.0,abweichung,erhoeht,23,0.02,1,0.7777777777777778,5.401,0.044494616280218474,0.0,0,3.0
drei_regime_lo0.8_hi1_s0.75_k0_abweichung,drei_regime,0.8,1.0,0.75,0.0,abweichung,erhoeht,37,0.02,1,1.0,5.231999999999999,0.030852440148100672,0.0,0,3.0
drei_regime_lo0.8_hi1_s0.75_k0_abweichung,drei_regime,0.8,1.0,0.75,0.0,abweichung,erhoeht,53,0.02,1,0.6666666666666666,5.361,0.04139243000769485,0.05555555555555555,0,3.0
drei_regime_lo0.8_hi1_s0.75_k0_abweichung,drei_regime,0.8,1.0,0.75,0.0,abweichung,erhoeht,71,0.02,1,0.5555555555555556,5.397,0.04331171030266644,0.0,0,3.0
drei_regime_lo0.8_hi1_s0.75_k0.34_absolut,drei_regime,0.8,1.0,0.75,0.34,absolut,nominal,11,0.02,1,1.0,4.783,0.024014543332460194,0.0,0,3.0
drei_regime_lo0.8_hi1_s0.75_k0.34_absolut,drei_regime,0.8,1.0,0.75,0.34,absolut,nominal,23,0.02,1,1.0,5.043,0.033852781578878416,0.0,0,3.0
drei_regime_lo0.8_hi1_s0.75_k0.34_absolut,drei_regime,0.8,1.0,0.75,0.34,absolut,nominal,37,0.02,1,1.0,4.9830000000000005,0.029341377317985345,0.0,0,3.0
drei_regime_lo0.8_hi1_s0.75_k0.34_absolut,drei_regime,0.8,1.0,0.75,0.34,absolut,nominal,53,0.02,1,1.0,4.752,0.02468172477665819,0.0,0,3.0
drei_regime_lo0.8_hi1_s0.75_k0.34_absolut,drei_regime,0.8,1.0,0.75,0.34,absolut,nominal,71,0.02,1,1.0,5.135,0.035072903151198785,0.0,0,3.0
drei_regime_lo0.8_hi1_s0.75_k0.34_absolut,drei_regime,0.8,1.0,0.75,0.34,absolut,erhoeht,11,0.02,1,1.0,5.063000000000001,0.0332124860961061,0.0,0,3.0
drei_regime_lo0.8_hi1_s0.75_k0.34_absolut,drei_regime,0.8,1.0,0.75,0.34,absolut,erhoeht,23,0.02,1,0.7222222222222222,4.9479999999999995,0.05036089058387027,0.2222222222222222,0,3.0
drei_regime_lo0.8_hi1_s0.75_k0.34_absolut,drei_regime,0.8,1.0,0.75,0.34,absolut,erhoeht,37,0.02,1,1.0,5.4030000000000005,0.042047510285788466,0.0,0,3.0
drei_regime_lo0.8_hi1_s0.75_k0.34_absolut,drei_regime,0.8,1.0,0.75,0.34,absolut,erhoeht,53,0.02,1,0.7777777777777778,5.167000000000001,0.049814044141872384,0.2777777777777778,0,3.0
drei_regime_lo0.8_hi1_s0.75_k0.34_absolut,drei_regime,0.8,1.0,0.75,0.34,absolut,erhoeht,71,0.02,1,0.8333333333333334,5.256,0.047653706555417494,0.0,0,3.0
drei_regime_lo0.8_hi1_s0.75_k0.34_abweichung,drei_regime,0.8,1.0,0.75,0.34,abweichung,nominal,11,0.02,1,1.0,4.723,0.01719587279301324,0.0,0,3.0
drei_regime_lo0.8_hi1_s0.75_k0.34_abweichung,drei_regime,0.8,1.0,0.75,0.34,abweichung,nominal,23,0.02,1,1.0,4.803,0.01870313737072076,0.0,0,3.0
drei_regime_lo0.8_hi1_s0.75_k0.34_abweichung,drei_regime,0.8,1.0,0.75,0.34,abweichung,nominal,37,0.02,1,1.0,4.849,0.020563449539852487,0.0,0,3.0
drei_regime_lo0.8_hi1_s0.75_k0.34_abweichung,drei_regime,0.8,1.0,0.75,0.34,abweichung,nominal,53,0.02,1,1.0,4.703,0.01838863910642881,0.0,0,3.0
drei_regime_lo0.8_hi1_s0.75_k0.34_abweichung,drei_regime,0.8,1.0,0.75,0.34,abweichung,nominal,71,0.02,1,1.0,4.923,0.021696071046474134,0.0,0,3.0
drei_regime_lo0.8_hi1_s0.75_k0.34_abweichung,drei_regime,0.8,1.0,0.75,0.34,abweichung,erhoeht,11,0.02,1,1.0,4.731999999999999,0.019949652921483207,0.0,0,3.0
drei_regime_lo0.8_hi1_s0.75_k0.34_abweichung,drei_regime,0.8,1.0,0.75,0.34,abweichung,erhoeht,23,0.02,1,1.0,5.115,0.026445145735575076,0.0,0,3.0
drei_regime_lo0.8_hi1_s0.75_k0.34_abweichung,drei_regime,0.8,1.0,0.75,0.34,abweichung,erhoeht,37,0.02,1,1.0,4.938,0.025233919879026897,0.0,0,3.0
drei_regime_lo0.8_hi1_s0.75_k0.34_abweichung,drei_regime,0.8,1.0,0.75,0.34,abweichung,erhoeht,53,0.02,1,1.0,4.803,0.019675865362317347,0.0,0,3.0
drei_regime_lo0.8_hi1_s0.75_k0.34_abweichung,drei_regime,0.8,1.0,0.75,0.34,abweichung,erhoeht,71,0.02,1,1.0,5.009,0.023739447316733265,0.0,0,3.0
drei_regime_lo0.8_hi1_s1_k0_abweichung,drei_regime,0.8,1.0,1.0,0.0,abweichung,nominal,11,0.02,1,1.0,4.94,0.022627218013317258,0.0,0,3.0
drei_regime_lo0.8_hi1_s1_k0_abweichung,drei_regime,0.8,1.0,1.0,0.0,abweichung,nominal,23,0.02,1,1.0,5.0,0.023471612204845192,0.0,0,3.0
drei_regime_lo0.8_hi1_s1_k0_abweichung,drei_regime,0.8,1.0,1.0,0.0,abweichung,nominal,37,0.02,1,1.0,5.166,0.02658203235960525,0.0,0,3.0
drei_regime_lo0.8_hi1_s1_k0_abweichung,drei_regime,0.8,1.0,1.0,0.0,abweichung,nominal,53,0.02,1,1.0,4.94,0.024101621670069184,0.0,0,3.0
drei_regime_lo0.8_hi1_s1_k0_abweichung,drei_regime,0.8,1.0,1.0,0.0,abweichung,nominal,71,0.02,1,1.0,5.083,0.025995018169343232,0.0,0,3.0
drei_regime_lo0.8_hi1_s1_k0_abweichung,drei_regime,0.8,1.0,1.0,0.0,abweichung,erhoeht,11,0.02,1,1.0,5.163,0.0293998377474458,0.0,0,3.0
drei_regime_lo0.8_hi1_s1_k0_abweichung,drei_regime,0.8,1.0,1.0,0.0,abweichung,erhoeht,23,0.02,1,0.7222222222222222,5.436,0.046925776717592294,0.0,0,3.0
drei_regime_lo0.8_hi1_s1_k0_abweichung,drei_regime,0.8,1.0,1.0,0.0,abweichung,erhoeht,37,0.02,1,1.0,5.343,0.03249530255283486,0.0,0,3.0
drei_regime_lo0.8_hi1_s1_k0_abweichung,drei_regime,0.8,1.0,1.0,0.0,abweichung,erhoeht,53,0.02,1,0.6111111111111112,5.210000000000001,0.043910956340832204,0.05555555555555555,0,3.0
drei_regime_lo0.8_hi1_s1_k0_abweichung,drei_regime,0.8,1.0,1.0,0.0,abweichung,erhoeht,71,0.02,1,0.5,5.212,0.04585814412822135,0.0,0,3.0
drei_regime_lo0.8_hi1_s1_k0.34_absolut,drei_regime,0.8,1.0,1.0,0.34,absolut,nominal,11,0.02,1,1.0,4.863,0.02467405611692271,0.0,0,3.0
drei_regime_lo0.8_hi1_s1_k0.34_absolut,drei_regime,0.8,1.0,1.0,0.34,absolut,nominal,23,0.02,1,1.0,5.0889999999999995,0.034504011255523034,0.0,0,3.0
drei_regime_lo0.8_hi1_s1_k0.34_absolut,drei_regime,0.8,1.0,1.0,0.34,absolut,nominal,37,0.02,1,1.0,5.063000000000001,0.030195173349662548,0.0,0,3.0
drei_regime_lo0.8_hi1_s1_k0.34_absolut,drei_regime,0.8,1.0,1.0,0.34,absolut,nominal,53,0.02,1,1.0,4.811999999999999,0.025419934691912848,0.0,0,3.0
drei_regime_lo0.8_hi1_s1_k0.34_absolut,drei_regime,0.8,1.0,1.0,0.34,absolut,nominal,71,0.02,1,1.0,5.218,0.03578031088555064,0.0,0,3.0
drei_regime_lo0.8_hi1_s1_k0.34_absolut,drei_regime,0.8,1.0,1.0,0.34,absolut,erhoeht,11,0.02,1,1.0,5.106000000000001,0.03387421126430372,0.0,0,3.0
drei_regime_lo0.8_hi1_s1_k0.34_absolut,drei_regime,0.8,1.0,1.0,0.34,absolut,erhoeht,23,0.02,1,0.7222222222222222,4.9479999999999995,0.05064653837228167,0.2777777777777778,0,3.0
drei_regime_lo0.8_hi1_s1_k0.34_absolut,drei_regime,0.8,1.0,1.0,0.34,absolut,erhoeht,37,0.02,1,1.0,5.463,0.0428363182972094,0.0,0,3.0
drei_regime_lo0.8_hi1_s1_k0.34_absolut,drei_regime,0.8,1.0,1.0,0.34,absolut,erhoeht,53,0.02,1,0.7777777777777778,5.206,0.05027888650991932,0.1111111111111111,0,3.0
drei_regime_lo0.8_hi1_s1_k0.34_absolut,drei_regime,0.8,1.0,1.0,0.34,absolut,erhoeht,71,0.02,1,0.7777777777777778,5.187,0.04830568523069982,0.16666666666666666,0,3.0
drei_regime_lo0.8_hi1_s1_k0.34_abweichung,drei_regime,0.8,1.0,1.0,0.34,abweichung,nominal,11,0.02,1,1.0,4.783,0.018236115934756027,0.0,0,3.0
drei_regime_lo0.8_hi1_s1_k0.34_abweichung,drei_regime,0.8,1.0,1.0,0.34,abweichung,nominal,23,0.02,1,1.0,4.883,0.0198527110788304,0.0,0,3.0
drei_regime_lo0.8_hi1_s1_k0.34_abweichung,drei_regime,0.8,1.0,1.0,0.34,abweichung,nominal,37,0.02,1,1.0,4.929,0.021661119496858953,0.0,0,3.0
drei_regime_lo0.8_hi1_s1_k0.34_abweichung,drei_regime,0.8,1.0,1.0,0.34,abweichung,nominal,53,0.02,1,1.0,4.763,0.019397811728766198,0.0,0,3.0
drei_regime_lo0.8_hi1_s1_k0.34_abweichung,drei_regime,0.8,1.0,1.0,0.34,abweichung,nominal,71,0.02,1,1.0,5.0,0.02296651066491855,0.0,0,3.0
drei_regime_lo0.8_hi1_s1_k0.34_abweichung,drei_regime,0.8,1.0,1.0,0.34,abweichung,erhoeht,11,0.02,1,1.0,4.809,0.02101377038801262,0.0,0,3.0
drei_regime_lo0.8_hi1_s1_k0.34_abweichung,drei_regime,0.8,1.0,1.0,0.34,abweichung,erhoeht,23,0.02,1,1.0,5.164,0.027905870158512616,0.0,0,3.0
drei_regime_lo0.8_hi1_s1_k0.34_abweichung,drei_regime,0.8,1.0,1.0,0.34,abweichung,erhoeht,37,0.02,1,1.0,5.015,0.026578470714502322,0.0,0,3.0
drei_regime_lo0.8_hi1_s1_k0.34_abweichung,drei_regime,0.8,1.0,1.0,0.34,abweichung,erhoeht,53,0.02,1,1.0,4.863,0.020847143586816788,0.0,0,3.0
drei_regime_lo0.8_hi1_s1_k0.34_abweichung,drei_regime,0.8,1.0,1.0,0.34,abweichung,erhoeht,71,0.02,1,1.0,5.092,0.025172492776485242,0.0,0,3.0
drei_regime_lo0.8_hi1.6_s0.75_k0_abweichung,drei_regime,0.8,1.6,0.75,0.0,abweichung,nominal,11,0.02,1,1.0,4.4,0.015294689084983727,0.0,0,3.0
drei_regime_lo0.8_hi1.6_s0.75_k0_abweichung,drei_regime,0.8,1.6,0.75,0.0,abweichung,nominal,23,0.02,1,1.0,4.46,0.015572537266832432,0.0,0,3.0
drei_regime_lo0.8_hi1.6_s0.75_k0_abweichung,drei_regime,0.8,1.6,0.75,0.0,abweichung,nominal,37,0.02,1,1.0,4.563000000000001,0.017904736040709617,0.0,0,3.0
drei_regime_lo0.8_hi1.6_s0.75_k0_abweichung,drei_regime,0.8,1.6,0.75,0.0,abweichung,nominal,53,0.02,1,1.0,4.42,0.01630458862990746,0.0,0,3.0
drei_regime_lo0.8_hi1.6_s0.75_k0_abweichung,drei_regime,0.8,1.6,0.75,0.0,abweichung,nominal,71,0.02,1,1.0,4.523000000000001,0.017467079533615336,0.0,0,3.0
drei_regime_lo0.8_hi1.6_s0.75_k0_abweichung,drei_regime,0.8,1.6,0.75,0.0,abweichung,erhoeht,11,0.02,1,1.0,4.575,0.020594742036991433,0.0,0,3.0
drei_regime_lo0.8_hi1.6_s0.75_k0_abweichung,drei_regime,0.8,1.6,0.75,0.0,abweichung,erhoeht,23,0.02,1,1.0,5.186,0.03207650069972158,0.0,0,3.0
drei_regime_lo0.8_hi1.6_s0.75_k0_abweichung,drei_regime,0.8,1.6,0.75,0.0,abweichung,erhoeht,37,0.02,1,1.0,4.683,0.022408548717398624,0.0,0,3.0
drei_regime_lo0.8_hi1.6_s0.75_k0_abweichung,drei_regime,0.8,1.6,0.75,0.0,abweichung,erhoeht,53,0.02,1,1.0,5.046,0.030166770232554208,0.0,0,3.0
drei_regime_lo0.8_hi1.6_s0.75_k0_abweichung,drei_regime,0.8,1.6,0.75,0.0,abweichung,erhoeht,71,0.02,1,1.0,5.194999999999999,0.030672436008341256,0.0,0,3.0
drei_regime_lo0.8_hi1.6_s0.75_k0.34_absolut,drei_regime,0.8,1.6,0.75,0.34,absolut,nominal,11,0.02,1,1.0,4.323,0.020922669078515543,0.0,0,3.0
drei_regime_lo0.8_hi1.6_s0.75_k0.34_absolut,drei_regime,0.8,1.6,0.75,0.34,absolut,nominal,23,0.02,1,1.0,4.583,0.030998857955664625,0.0,0,3.0
drei_regime_lo0.8_hi1.6_s0.75_k0.34_absolut,drei_regime,0.8,1.6,0.75,0.34,absolut,nominal,37,0.02,1,1.0,4.523000000000001,0.025470089822294477,0.0,0,3.0
drei_regime_lo0.8_hi1.6_s0.75_k0.34_absolut,drei_regime,0.8,1.6,0.75,0.34,absolut,nominal,53,0.02,1,1.0,4.311999999999999,0.021233717577467563,0.0,0,3.0
drei_regime_lo0.8_hi1.6_s0.75_k0.34_absolut,drei_regime,0.8,1.6,0.75,0.34,absolut,nominal,71,0.02,1,1.0,4.689,0.032204854414836795,0.0,0,3.0
drei_regime_lo0.8_hi1.6_s0.75_k0.34_absolut,drei_regime,0.8,1.6,0.75,0.34,absolut,erhoeht,11,0.02,1,1.0,4.572,0.031589583860063254,0.0,0,3.0
drei_regime_lo0.8_hi1.6_s0.75_k0.34_absolut,drei_regime,0.8,1.6,0.75,0.34,absolut,erhoeht,23,0.02,1,0.8888888888888888,5.405,0.04913463049070807,0.3333333333333333,0,3.0
drei_regime_lo0.8_hi1.6_s0.75_k0.34_absolut,drei_regime,0.8,1.6,0.75,0.34,absolut,erhoeht,37,0.02,1,1.0,4.8660000000000005,0.03852363634426322,0.1111111111111111,0,3.0
drei_regime_lo0.8_hi1.6_s0.75_k0.34_absolut,drei_regime,0.8,1.6,0.75,0.34,absolut,erhoeht,53,0.02,1,0.8888888888888888,5.285,0.04792932263194168,0.3888888888888889,0,3.0
drei_regime_lo0.8_hi1.6_s0.75_k0.34_absolut,drei_regime,0.8,1.6,0.75,0.34,absolut,erhoeht,71,0.02,1,0.9444444444444444,5.255999999999999,0.04466244412941502,0.2222222222222222,0,3.0
drei_regime_lo0.8_hi1.6_s0.75_k0.34_abweichung,drei_regime,0.8,1.6,0.75,0.34,abweichung,nominal,11,0.02,1,1.0,4.246,0.011978283443977644,0.0,0,3.0
drei_regime_lo0.8_hi1.6_s0.75_k0.34_abweichung,drei_regime,0.8,1.6,0.75,0.34,abweichung,nominal,23,0.02,1,1.0,4.36,0.01283021446043228,0.0,0,3.0
drei_regime_lo0.8_hi1.6_s0.75_k0.34_abweichung,drei_regime,0.8,1.6,0.75,0.34,abweichung,nominal,37,0.02,1,1.0,4.406000000000001,0.014923233176207938,0.0,0,3.0
drei_regime_lo0.8_hi1.6_s0.75_k0.34_abweichung,drei_regime,0.8,1.6,0.75,0.34,abweichung,nominal,53,0.02,1,1.0,4.263,0.013144152112271849,0.0,0,3.0
drei_regime_lo0.8_hi1.6_s0.75_k0.34_abweichung,drei_regime,0.8,1.6,0.75,0.34,abweichung,nominal,71,0.02,1,1.0,4.463,0.015113591187981754,0.0,0,3.0
drei_regime_lo0.8_hi1.6_s0.75_k0.34_abweichung,drei_regime,0.8,1.6,0.75,0.34,abweichung,erhoeht,11,0.02,1,1.0,4.311999999999999,0.014520025391350335,0.0,0,3.0
drei_regime_lo0.8_hi1.6_s0.75_k0.34_abweichung,drei_regime,0.8,1.6,0.75,0.34,abweichung,erhoeht,23,0.02,1,1.0,4.6240000000000006,0.018895742571429727,0.0,0,3.0
drei_regime_lo0.8_hi1.6_s0.75_k0.34_abweichung,drei_regime,0.8,1.6,0.75,0.34,abweichung,erhoeht,37,0.02,1,1.0,4.435,0.018291988763735924,0.0,0,3.0
drei_regime_lo0.8_hi1.6_s0.75_k0.34_abweichung,drei_regime,0.8,1.6,0.75,0.34,abweichung,erhoeht,53,0.02,1,1.0,4.2860000000000005,0.01361765436286137,0.0,0,3.0
drei_regime_lo0.8_hi1.6_s0.75_k0.34_abweichung,drei_regime,0.8,1.6,0.75,0.34,abweichung,erhoeht,71,0.02,1,1.0,4.583,0.016594675356701196,0.0,0,3.0
drei_regime_lo0.8_hi1.6_s1_k0_abweichung,drei_regime,0.8,1.6,1.0,0.0,abweichung,nominal,11,0.02,1,1.0,4.58,0.017420079611705393,0.0,0,3.0
drei_regime_lo0.8_hi1.6_s1_k0_abweichung,drei_regime,0.8,1.6,1.0,0.0,abweichung,nominal,23,0.02,1,1.0,4.64,0.01789963582463863,0.0,0,3.0
drei_regime_lo0.8_hi1.6_s1_k0_abweichung,drei_regime,0.8,1.6,1.0,0.0,abweichung,nominal,37,0.02,1,1.0,4.749,0.020475249814572678,0.0,0,3.0
drei_regime_lo0.8_hi1.6_s1_k0_abweichung,drei_regime,0.8,1.6,1.0,0.0,abweichung,nominal,53,0.02,1,1.0,4.6000000000000005,0.018601997087442528,0.0,0,3.0
drei_regime_lo0.8_hi1.6_s1_k0_abweichung,drei_regime,0.8,1.6,1.0,0.0,abweichung,nominal,71,0.02,1,1.0,4.72,0.01994802740085751,0.0,0,3.0
drei_regime_lo0.8_hi1.6_s1_k0_abweichung,drei_regime,0.8,1.6,1.0,0.0,abweichung,erhoeht,11,0.02,1,1.0,4.749,0.023123240390571006,0.0,0,3.0
drei_regime_lo0.8_hi1.6_s1_k0_abweichung,drei_regime,0.8,1.6,1.0,0.0,abweichung,erhoeht,23,0.02,1,1.0,5.463,0.03646433392135249,0.0,0,3.0
drei_regime_lo0.8_hi1.6_s1_k0_abweichung,drei_regime,0.8,1.6,1.0,0.0,abweichung,erhoeht,37,0.02,1,1.0,4.9,0.02540465417636856,0.0,0,3.0
drei_regime_lo0.8_hi1.6_s1_k0_abweichung,drei_regime,0.8,1.6,1.0,0.0,abweichung,erhoeht,53,0.02,1,1.0,5.2860000000000005,0.03430951480643273,0.0,0,3.0
drei_regime_lo0.8_hi1.6_s1_k0_abweichung,drei_regime,0.8,1.6,1.0,0.0,abweichung,erhoeht,71,0.02,1,1.0,5.42,0.03496967467195958,0.0,0,3.0
drei_regime_lo0.8_hi1.6_s1_k0.34_absolut,drei_regime,0.8,1.6,1.0,0.34,absolut,nominal,11,0.02,1,1.0,4.503,0.02202060180234733,0.0,0,3.0
drei_regime_lo0.8_hi1.6_s1_k0.34_absolut,drei_regime,0.8,1.6,1.0,0.34,absolut,nominal,23,0.02,1,1.0,4.743,0.03187842403403571,0.0,0,3.0
drei_regime_lo0.8_hi1.6_s1_k0.34_absolut,drei_regime,0.8,1.6,1.0,0.34,absolut,nominal,37,0.02,1,1.0,4.683,0.026759557961593412,0.0,0,3.0
drei_regime_lo0.8_hi1.6_s1_k0.34_absolut,drei_regime,0.8,1.6,1.0,0.34,absolut,nominal,53,0.02,1,1.0,4.475,0.02237291111345192,0.0,0,3.0
drei_regime_lo0.8_hi1.6_s1_k0.34_absolut,drei_regime,0.8,1.6,1.0,0.34,absolut,nominal,71,0.02,1,1.0,4.886,0.03330111961831095,0.0,0,3.0
drei_regime_lo0.8_hi1.6_s1_k0.34_absolut,drei_regime,0.8,1.6,1.0,0.34,absolut,erhoeht,11,0.02,1,1.0,4.709,0.03198081216708726,0.0,0,3.0
drei_regime_lo0.8_hi1.6_s1_k0.34_absolut,drei_regime,0.8,1.6,1.0,0.34,absolut,erhoeht,23,0.02,1,0.7222222222222222,4.808,0.04970926624843058,0.3333333333333333,0,3.0
drei_regime_lo0.8_hi1.6_s1_k0.34_absolut,drei_regime,0.8,1.6,1.0,0.34,absolut,erhoeht,37,0.02,1,1.0,5.103000000000001,0.039646500589209585,0.0,0,3.0
drei_regime_lo0.8_hi1.6_s1_k0.34_absolut,drei_regime,0.8,1.6,1.0,0.34,absolut,erhoeht,53,0.02,1,0.7777777777777778,5.14,0.04851768701115856,0.2777777777777778,0,3.0
drei_regime_lo0.8_hi1.6_s1_k0.34_absolut,drei_regime,0.8,1.6,1.0,0.34,absolut,erhoeht,71,0.02,1,0.9444444444444444,5.416,0.04570492809880979,0.16666666666666666,0,3.0
drei_regime_lo0.8_hi1.6_s1_k0.34_abweichung,drei_regime,0.8,1.6,1.0,0.34,abweichung,nominal,11,0.02,1,1.0,4.426,0.013822650072944573,0.0,0,3.0
drei_regime_lo0.8_hi1.6_s1_k0.34_abweichung,drei_regime,0.8,1.6,1.0,0.34,abweichung,nominal,23,0.02,1,1.0,4.526000000000001,0.01488202631398774,0.0,0,3.0
drei_regime_lo0.8_hi1.6_s1_k0.34_abweichung,drei_regime,0.8,1.6,1.0,0.34,abweichung,nominal,37,0.02,1,1.0,4.586,0.017107086152713915,0.0,0,3.0
drei_regime_lo0.8_hi1.6_s1_k0.34_abweichung,drei_regime,0.8,1.6,1.0,0.34,abweichung,nominal,53,0.02,1,1.0,4.406000000000001,0.014983207907764917,0.0,0,3.0
drei_regime_lo0.8_hi1.6_s1_k0.34_abweichung,drei_regime,0.8,1.6,1.0,0.34,abweichung,nominal,71,0.02,1,1.0,4.64,0.017408936058495347,0.0,0,3.0
drei_regime_lo0.8_hi1.6_s1_k0.34_abweichung,drei_regime,0.8,1.6,1.0,0.34,abweichung,erhoeht,11,0.02,1,1.0,4.492,0.016383944095835854,0.0,0,3.0
drei_regime_lo0.8_hi1.6_s1_k0.34_abweichung,drei_regime,0.8,1.6,1.0,0.34,abweichung,erhoeht,23,0.02,1,1.0,4.835,0.021537622124300573,0.0,0,3.0
drei_regime_lo0.8_hi1.6_s1_k0.34_abweichung,drei_regime,0.8,1.6,1.0,0.34,abweichung,erhoeht,37,0.02,1,1.0,4.632,0.020701049205220638,0.0,0,3.0
drei_regime_lo0.8_hi1.6_s1_k0.34_abweichung,drei_regime,0.8,1.6,1.0,0.34,abweichung,erhoeht,53,0.02,1,1.0,4.509,0.01573504372511244,0.0,0,3.0
drei_regime_lo0.8_hi1.6_s1_k0.34_abweichung,drei_regime,0.8,1.6,1.0,0.34,abweichung,erhoeht,71,0.02,1,1.0,4.743,0.01918162467830519,0.0,0,3.0
glatt_lo0.15_hi1_s0.75_k0_abweichung,glatt,0.15,1.0,0.75,0.0,abweichung,nominal,11,0.02,1,0.0,nan,0.32246933383207493,0.0,0,3.0
glatt_lo0.15_hi1_s0.75_k0_abweichung,glatt,0.15,1.0,0.75,0.0,abweichung,nominal,23,0.02,1,0.0,nan,0.3286934915274199,0.0,0,3.0
glatt_lo0.15_hi1_s0.75_k0_abweichung,glatt,0.15,1.0,0.75,0.0,abweichung,nominal,37,0.02,1,0.0,nan,0.33456753873437234,0.0,0,3.0
glatt_lo0.15_hi1_s0.75_k0_abweichung,glatt,0.15,1.0,0.75,0.0,abweichung,nominal,53,0.02,1,0.0,nan,0.32256143957468225,0.0,0,3.0
glatt_lo0.15_hi1_s0.75_k0_abweichung,glatt,0.15,1.0,0.75,0.0,abweichung,nominal,71,0.02,1,0.0,nan,0.3369381978984139,0.0,0,3.0
glatt_lo0.15_hi1_s0.75_k0_abweichung,glatt,0.15,1.0,0.75,0.0,abweichung,erhoeht,11,0.02,1,0.0,nan,0.3272118463710297,0.0,0,3.0
glatt_lo0.15_hi1_s0.75_k0_abweichung,glatt,0.15,1.0,0.75,0.0,abweichung,erhoeht,23,0.02,1,0.0,nan,0.35677643249280644,0.0,0,3.0
glatt_lo0.15_hi1_s0.75_k0_abweichung,glatt,0.15,1.0,0.75,0.0,abweichung,erhoeht,37,0.02,1,0.0,nan,0.34261558740261167,0.0,0,3.0
glatt_lo0.15_hi1_s0.75_k0_abweichung,glatt,0.15,1.0,0.75,0.0,abweichung,erhoeht,53,0.02,1,0.0,nan,0.3364901198246761,0.0,0,3.0
glatt_lo0.15_hi1_s0.75_k0_abweichung,glatt,0.15,1.0,0.75,0.0,abweichung,erhoeht,71,0.02,1,0.0,nan,0.34548933877981647,0.0,0,3.0
glatt_lo0.15_hi1_s0.75_k0.34_absolut,glatt,0.15,1.0,0.75,0.34,absolut,nominal,11,0.02,1,0.1111111111111111,3.588,0.3198686953797238,0.0,0,3.0
glatt_lo0.15_hi1_s0.75_k0.34_absolut,glatt,0.15,1.0,0.75,0.34,absolut,nominal,23,0.02,1,0.1111111111111111,4.1000000000000005,0.32680914964923335,0.0,0,3.0
glatt_lo0.15_hi1_s0.75_k0.34_absolut,glatt,0.15,1.0,0.75,0.34,absolut,nominal,37,0.02,1,0.1111111111111111,3.359,0.33073524396261705,0.0,0,3.0
glatt_lo0.15_hi1_s0.75_k0.34_absolut,glatt,0.15,1.0,0.75,0.34,absolut,nominal,53,0.02,1,0.1111111111111111,3.503,0.32009596743463375,0.0,0,3.0
glatt_lo0.15_hi1_s0.75_k0.34_absolut,glatt,0.15,1.0,0.75,0.34,absolut,nominal,71,0.02,1,0.1111111111111111,4.138999999999999,0.33542773909983614,0.0,0,3.0
glatt_lo0.15_hi1_s0.75_k0.34_absolut,glatt,0.15,1.0,0.75,0.34,absolut,erhoeht,11,0.02,1,0.05555555555555555,4.18,0.32206332926058856,0.1111111111111111,0,3.0
glatt_lo0.15_hi1_s0.75_k0.34_absolut,glatt,0.15,1.0,0.75,0.34,absolut,erhoeht,23,0.02,1,0.0,nan,0.3465003858162629,0.0,0,3.0
glatt_lo0.15_hi1_s0.75_k0.34_absolut,glatt,0.15,1.0,0.75,0.34,absolut,erhoeht,37,0.02,1,0.0,nan,0.3390905774727632,0.0,0,3.0
glatt_lo0.15_hi1_s0.75_k0.34_absolut,glatt,0.15,1.0,0.75,0.34,absolut,erhoeht,53,0.02,1,0.0,nan,0.32559498699872574,0.0,0,3.0
glatt_lo0.15_hi1_s0.75_k0.34_absolut,glatt,0.15,1.0,0.75,0.34,absolut,erhoeht,71,0.02,1,0.0,nan,0.3362009969495633,0.0,0,3.0
glatt_lo0.15_hi1_s0.75_k0.34_abweichung,glatt,0.15,1.0,0.75,0.34,abweichung,nominal,11,0.02,1,0.1111111111111111,3.18,0.3194947954614155,0.0,0,3.0
glatt_lo0.15_hi1_s0.75_k0.34_abweichung,glatt,0.15,1.0,0.75,0.34,abweichung,nominal,23,0.02,1,0.1111111111111111,2.96,0.32595563457974136,0.0,0,3.0
glatt_lo0.15_hi1_s0.75_k0.34_abweichung,glatt,0.15,1.0,0.75,0.34,abweichung,nominal,37,0.02,1,0.1111111111111111,2.856,0.3302235592423423,0.0,0,3.0
glatt_lo0.15_hi1_s0.75_k0.34_abweichung,glatt,0.15,1.0,0.75,0.34,abweichung,nominal,53,0.02,1,0.1111111111111111,3.118,0.32024616752747537,0.0,0,3.0
glatt_lo0.15_hi1_s0.75_k0.34_abweichung,glatt,0.15,1.0,0.75,0.34,abweichung,nominal,71,0.02,1,0.1111111111111111,2.976,0.33537878454341885,0.0,0,3.0
glatt_lo0.15_hi1_s0.75_k0.34_abweichung,glatt,0.15,1.0,0.75,0.34,abweichung,erhoeht,11,0.02,1,0.1111111111111111,2.955,0.3215024914360756,0.0,0,3.0
glatt_lo0.15_hi1_s0.75_k0.34_abweichung,glatt,0.15,1.0,0.75,0.34,abweichung,erhoeht,23,0.02,1,0.1111111111111111,3.585,0.34626508315879256,0.05555555555555555,0,3.0
glatt_lo0.15_hi1_s0.75_k0.34_abweichung,glatt,0.15,1.0,0.75,0.34,abweichung,erhoeht,37,0.02,1,0.1111111111111111,3.097,0.33715823815543927,0.0,0,3.0
glatt_lo0.15_hi1_s0.75_k0.34_abweichung,glatt,0.15,1.0,0.75,0.34,abweichung,erhoeht,53,0.02,1,0.1111111111111111,2.875,0.3234418763169372,0.0,0,3.0
glatt_lo0.15_hi1_s0.75_k0.34_abweichung,glatt,0.15,1.0,0.75,0.34,abweichung,erhoeht,71,0.02,1,0.1111111111111111,3.556,0.33495525742713295,0.0,0,3.0
glatt_lo0.15_hi1_s1_k0_abweichung,glatt,0.15,1.0,1.0,0.0,abweichung,nominal,11,0.02,1,0.0,nan,0.4348292386639225,0.0,0,3.0
glatt_lo0.15_hi1_s1_k0_abweichung,glatt,0.15,1.0,1.0,0.0,abweichung,nominal,23,0.02,1,0.0,nan,0.442618582840027,0.0,0,3.0
glatt_lo0.15_hi1_s1_k0_abweichung,glatt,0.15,1.0,1.0,0.0,abweichung,nominal,37,0.02,1,0.0,nan,0.449995106536645,0.0,0,3.0
glatt_lo0.15_hi1_s1_k0_abweichung,glatt,0.15,1.0,1.0,0.0,abweichung,nominal,53,0.02,1,0.0,nan,0.434569962483169,0.0,0,3.0
glatt_lo0.15_hi1_s1_k0_abweichung,glatt,0.15,1.0,1.0,0.0,abweichung,nominal,71,0.02,1,0.0,nan,0.4532875223195563,0.0,0,3.0
glatt_lo0.15_hi1_s1_k0_abweichung,glatt,0.15,1.0,1.0,0.0,abweichung,erhoeht,11,0.02,1,0.0,nan,0.4400711835433423,0.0,0,3.0
glatt_lo0.15_hi1_s1_k0_abweichung,glatt,0.15,1.0,1.0,0.0,abweichung,erhoeht,23,0.02,1,0.0,nan,0.47607688180111324,0.0,0,3.0
glatt_lo0.15_hi1_s1_k0_abweichung,glatt,0.15,1.0,1.0,0.0,abweichung,erhoeht,37,0.02,1,0.0,nan,0.4597083312676642,0.0,0,3.0
glatt_lo0.15_hi1_s1_k0_abweichung,glatt,0.15,1.0,1.0,0.0,abweichung,erhoeht,53,0.02,1,0.0,nan,0.45077816746627614,0.0,0,3.0
glatt_lo0.15_hi1_s1_k0_abweichung,glatt,0.15,1.0,1.0,0.0,abweichung,erhoeht,71,0.02,1,0.0,nan,0.4630130712837481,0.0,0,3.0
glatt_lo0.15_hi1_s1_k0.34_absolut,glatt,0.15,1.0,1.0,0.34,absolut,nominal,11,0.02,1,0.1111111111111111,3.8070000000000004,0.43164071798846615,0.0,0,3.0
glatt_lo0.15_hi1_s1_k0.34_absolut,glatt,0.15,1.0,1.0,0.34,absolut,nominal,23,0.02,1,0.1111111111111111,4.344,0.4403825761762742,0.0,0,3.0
glatt_lo0.15_hi1_s1_k0.34_absolut,glatt,0.15,1.0,1.0,0.34,absolut,nominal,37,0.02,1,0.1111111111111111,3.641,0.4458207427862976,0.0,0,3.0
glatt_lo0.15_hi1_s1_k0.34_absolut,glatt,0.15,1.0,1.0,0.34,absolut,nominal,53,0.02,1,0.1111111111111111,3.745,0.43166542336729696,0.0,0,3.0
glatt_lo0.15_hi1_s1_k0.34_absolut,glatt,0.15,1.0,1.0,0.34,absolut,nominal,71,0.02,1,0.1111111111111111,4.399,0.4514482020874093,0.0,0,3.0
glatt_lo0.15_hi1_s1_k0.34_absolut,glatt,0.15,1.0,1.0,0.34,absolut,erhoeht,11,0.02,1,0.05555555555555555,4.28,0.4336632469605774,0.05555555555555555,0,3.0
glatt_lo0.15_hi1_s1_k0.34_absolut,glatt,0.15,1.0,1.0,0.34,absolut,erhoeht,23,0.02,1,0.0,nan,0.46462761290607923,0.0,0,3.0
glatt_lo0.15_hi1_s1_k0.34_absolut,glatt,0.15,1.0,1.0,0.34,absolut,erhoeht,37,0.02,1,0.0,nan,0.4547164466910274,0.0,0,3.0
glatt_lo0.15_hi1_s1_k0.34_absolut,glatt,0.15,1.0,1.0,0.34,absolut,erhoeht,53,0.02,1,0.0,nan,0.43733486664594345,0.0,0,3.0
glatt_lo0.15_hi1_s1_k0.34_absolut,glatt,0.15,1.0,1.0,0.34,absolut,erhoeht,71,0.02,1,0.0,nan,0.4515492174950408,0.0,0,3.0
glatt_lo0.15_hi1_s1_k0.34_abweichung,glatt,0.15,1.0,1.0,0.34,abweichung,nominal,11,0.02,1,0.1111111111111111,3.42,0.4313492458738778,0.0,0,3.0
glatt_lo0.15_hi1_s1_k0.34_abweichung,glatt,0.15,1.0,1.0,0.34,abweichung,nominal,23,0.02,1,0.1111111111111111,3.2,0.4397387595514034,0.0,0,3.0
glatt_lo0.15_hi1_s1_k0.34_abweichung,glatt,0.15,1.0,1.0,0.34,abweichung,nominal,37,0.02,1,0.1111111111111111,3.098,0.445419815496542,0.0,0,3.0
glatt_lo0.15_hi1_s1_k0.34_abweichung,glatt,0.15,1.0,1.0,0.34,abweichung,nominal,53,0.02,1,0.1111111111111111,3.338,0.4318783569794143,0.0,0,3.0
glatt_lo0.15_hi1_s1_k0.34_abweichung,glatt,0.15,1.0,1.0,0.34,abweichung,nominal,71,0.02,1,0.1111111111111111,3.218,0.4515906068513404,0.0,0,3.0
glatt_lo0.15_hi1_s1_k0.34_abweichung,glatt,0.15,1.0,1.0,0.34,abweichung,erhoeht,11,0.02,1,0.1111111111111111,3.2150000000000003,0.43324850125444464,0.0,0,3.0
glatt_lo0.15_hi1_s1_k0.34_abweichung,glatt,0.15,1.0,1.0,0.34,abweichung,erhoeht,23,0.02,1,0.1111111111111111,3.708,0.46476727986694155,0.0,0,3.0
glatt_lo0.15_hi1_s1_k0.34_abweichung,glatt,0.15,1.0,1.0,0.34,abweichung,erhoeht,37,0.02,1,0.1111111111111111,3.376,0.45311208054261565,0.0,0,3.0
glatt_lo0.15_hi1_s1_k0.34_abweichung,glatt,0.15,1.0,1.0,0.34,abweichung,erhoeht,53,0.02,1,0.1111111111111111,3.12,0.4357996683716935,0.05555555555555555,0,3.0
glatt_lo0.15_hi1_s1_k0.34_abweichung,glatt,0.15,1.0,1.0,0.34,abweichung,erhoeht,71,0.02,1,0.1111111111111111,3.7520000000000002,0.4507853673284917,0.0,0,3.0
glatt_lo0.15_hi1.6_s0.75_k0_abweichung,glatt,0.15,1.6,0.75,0.0,abweichung,nominal,11,0.02,1,0.0,nan,0.26148229089948627,0.0,0,3.0
glatt_lo0.15_hi1.6_s0.75_k0_abweichung,glatt,0.15,1.6,0.75,0.0,abweichung,nominal,23,0.02,1,0.0,nan,0.2667632146771883,0.0,0,3.0
glatt_lo0.15_hi1.6_s0.75_k0_abweichung,glatt,0.15,1.6,0.75,0.0,abweichung,nominal,37,0.02,1,0.0,nan,0.27153217847100797,0.0,0,3.0
glatt_lo0.15_hi1.6_s0.75_k0_abweichung,glatt,0.15,1.6,0.75,0.0,abweichung,nominal,53,0.02,1,0.0,nan,0.2619734112878387,0.0,0,3.0
glatt_lo0.15_hi1.6_s0.75_k0_abweichung,glatt,0.15,1.6,0.75,0.0,abweichung,nominal,71,0.02,1,0.0,nan,0.2735170843875999,0.0,0,3.0
glatt_lo0.15_hi1.6_s0.75_k0_abweichung,glatt,0.15,1.6,0.75,0.0,abweichung,erhoeht,11,0.02,1,0.0,nan,0.2657990962910543,0.0,0,3.0
glatt_lo0.15_hi1.6_s0.75_k0_abweichung,glatt,0.15,1.6,0.75,0.0,abweichung,erhoeht,23,0.02,1,0.0,nan,0.2908106537053851,0.0,0,3.0
glatt_lo0.15_hi1.6_s0.75_k0_abweichung,glatt,0.15,1.6,0.75,0.0,abweichung,erhoeht,37,0.02,1,0.0,nan,0.2782705434646461,0.0,0,3.0
glatt_lo0.15_hi1.6_s0.75_k0_abweichung,glatt,0.15,1.6,0.75,0.0,abweichung,erhoeht,53,0.02,1,0.0,nan,0.27301857186524014,0.0,0,3.0
glatt_lo0.15_hi1.6_s0.75_k0_abweichung,glatt,0.15,1.6,0.75,0.0,abweichung,erhoeht,71,0.02,1,0.0,nan,0.28121668907420755,0.0,0,3.0
glatt_lo0.15_hi1.6_s0.75_k0.34_absolut,glatt,0.15,1.6,0.75,0.34,absolut,nominal,11,0.02,1,0.1111111111111111,3.154,0.2593024289925096,0.0,0,3.0
glatt_lo0.15_hi1.6_s0.75_k0.34_absolut,glatt,0.15,1.6,0.75,0.34,absolut,nominal,23,0.02,1,0.1111111111111111,3.7550000000000003,0.2655468311802098,0.0,0,3.0
glatt_lo0.15_hi1.6_s0.75_k0.34_absolut,glatt,0.15,1.6,0.75,0.34,absolut,nominal,37,0.02,1,0.1111111111111111,2.939,0.2683782370602285,0.0,0,3.0
glatt_lo0.15_hi1.6_s0.75_k0.34_absolut,glatt,0.15,1.6,0.75,0.34,absolut,nominal,53,0.02,1,0.1111111111111111,3.242,0.26010272139776386,0.0,0,3.0
glatt_lo0.15_hi1.6_s0.75_k0.34_absolut,glatt,0.15,1.6,0.75,0.34,absolut,nominal,71,0.02,1,0.1111111111111111,3.807,0.2726624853397613,0.0,0,3.0
glatt_lo0.15_hi1.6_s0.75_k0.34_absolut,glatt,0.15,1.6,0.75,0.34,absolut,erhoeht,11,0.02,1,0.1111111111111111,5.375,0.26166973351613604,0.1111111111111111,0,3.0
glatt_lo0.15_hi1.6_s0.75_k0.34_absolut,glatt,0.15,1.6,0.75,0.34,absolut,erhoeht,23,0.02,1,0.0,nan,0.282510639321196,0.0,0,3.0
glatt_lo0.15_hi1.6_s0.75_k0.34_absolut,glatt,0.15,1.6,0.75,0.34,absolut,erhoeht,37,0.02,1,0.0,nan,0.27584601298346373,0.0,0,3.0
glatt_lo0.15_hi1.6_s0.75_k0.34_absolut,glatt,0.15,1.6,0.75,0.34,absolut,erhoeht,53,0.02,1,0.0,nan,0.26488458950133287,0.0,0,3.0
glatt_lo0.15_hi1.6_s0.75_k0.34_absolut,glatt,0.15,1.6,0.75,0.34,absolut,erhoeht,71,0.02,1,0.0,nan,0.2748563697940422,0.0,0,3.0
glatt_lo0.15_hi1.6_s0.75_k0.34_abweichung,glatt,0.15,1.6,0.75,0.34,abweichung,nominal,11,0.02,1,0.2777777777777778,5.316,0.2587568742826067,0.0,0,3.0
glatt_lo0.15_hi1.6_s0.75_k0.34_abweichung,glatt,0.15,1.6,0.75,0.34,abweichung,nominal,23,0.02,1,0.2222222222222222,5.378,0.2642844953619559,0.0,0,3.0
glatt_lo0.15_hi1.6_s0.75_k0.34_abweichung,glatt,0.15,1.6,0.75,0.34,abweichung,nominal,37,0.02,1,0.1111111111111111,2.516,0.26762258036204806,0.05555555555555555,0,3.0
glatt_lo0.15_hi1.6_s0.75_k0.34_abweichung,glatt,0.15,1.6,0.75,0.34,abweichung,nominal,53,0.02,1,0.2777777777777778,5.48,0.2600833734753426,0.0,0,3.0
glatt_lo0.15_hi1.6_s0.75_k0.34_abweichung,glatt,0.15,1.6,0.75,0.34,abweichung,nominal,71,0.02,1,0.2222222222222222,5.196,0.27229536167564317,0.0,0,3.0
glatt_lo0.15_hi1.6_s0.75_k0.34_abweichung,glatt,0.15,1.6,0.75,0.34,abweichung,erhoeht,11,0.02,1,0.16666666666666666,4.848,0.2605761142911522,0.05555555555555555,0,3.0
glatt_lo0.15_hi1.6_s0.75_k0.34_abweichung,glatt,0.15,1.6,0.75,0.34,abweichung,erhoeht,23,0.02,1,0.2222222222222222,5.311999999999999,0.2815405449753256,0.05555555555555555,0,3.0
glatt_lo0.15_hi1.6_s0.75_k0.34_abweichung,glatt,0.15,1.6,0.75,0.34,abweichung,erhoeht,37,0.02,1,0.16666666666666666,5.228,0.2732392940520747,0.0,0,3.0
glatt_lo0.15_hi1.6_s0.75_k0.34_abweichung,glatt,0.15,1.6,0.75,0.34,abweichung,erhoeht,53,0.02,1,0.2222222222222222,5.033,0.26160228304798655,0.1111111111111111,0,3.0
glatt_lo0.15_hi1.6_s0.75_k0.34_abweichung,glatt,0.15,1.6,0.75,0.34,abweichung,erhoeht,71,0.02,1,0.1111111111111111,3.2390000000000003,0.27214649369698585,0.0,0,3.0
glatt_lo0.15_hi1.6_s1_k0_abweichung,glatt,0.15,1.6,1.0,0.0,abweichung,nominal,11,0.02,1,0.0,nan,0.3711137686890127,0.0,0,3.0
glatt_lo0.15_hi1.6_s1_k0_abweichung,glatt,0.15,1.6,1.0,0.0,abweichung,nominal,23,0.02,1,0.0,nan,0.3779264797581862,0.0,0,3.0
glatt_lo0.15_hi1.6_s1_k0_abweichung,glatt,0.15,1.6,1.0,0.0,abweichung,nominal,37,0.02,1,0.0,nan,0.3842867316306431,0.0,0,3.0
glatt_lo0.15_hi1.6_s1_k0_abweichung,glatt,0.15,1.6,1.0,0.0,abweichung,nominal,53,0.02,1,0.0,nan,0.3712934449627205,0.0,0,3.0
glatt_lo0.15_hi1.6_s1_k0_abweichung,glatt,0.15,1.6,1.0,0.0,abweichung,nominal,71,0.02,1,0.0,nan,0.38706831192106056,0.0,0,3.0
glatt_lo0.15_hi1.6_s1_k0_abweichung,glatt,0.15,1.6,1.0,0.0,abweichung,erhoeht,11,0.02,1,0.0,nan,0.37619015960001057,0.0,0,3.0
glatt_lo0.15_hi1.6_s1_k0_abweichung,glatt,0.15,1.6,1.0,0.0,abweichung,erhoeht,23,0.02,1,0.0,nan,0.4074812239531047,0.0,0,3.0
glatt_lo0.15_hi1.6_s1_k0_abweichung,glatt,0.15,1.6,1.0,0.0,abweichung,erhoeht,37,0.02,1,0.0,nan,0.3926231202786279,0.0,0,3.0
glatt_lo0.15_hi1.6_s1_k0_abweichung,glatt,0.15,1.6,1.0,0.0,abweichung,erhoeht,53,0.02,1,0.0,nan,0.38491829842916025,0.0,0,3.0
glatt_lo0.15_hi1.6_s1_k0_abweichung,glatt,0.15,1.6,1.0,0.0,abweichung,erhoeht,71,0.02,1,0.0,nan,0.3953715783153,0.0,0,3.0
glatt_lo0.15_hi1.6_s1_k0.34_absolut,glatt,0.15,1.6,1.0,0.34,absolut,nominal,11,0.02,1,0.1111111111111111,3.529,0.36824853403803365,0.0,0,3.0
glatt_lo0.15_hi1.6_s1_k0.34_absolut,glatt,0.15,1.6,1.0,0.34,absolut,nominal,23,0.02,1,0.1111111111111111,4.096,0.3761806430754239,0.0,0,3.0
glatt_lo0.15_hi1.6_s1_k0.34_absolut,glatt,0.15,1.6,1.0,0.34,absolut,nominal,37,0.02,1,0.1111111111111111,3.338,0.38036080887755713,0.0,0,3.0
glatt_lo0.15_hi1.6_s1_k0.34_absolut,glatt,0.15,1.6,1.0,0.34,absolut,nominal,53,0.02,1,0.1111111111111111,3.483,0.3688802071909007,0.0,0,3.0
glatt_lo0.15_hi1.6_s1_k0.34_absolut,glatt,0.15,1.6,1.0,0.34,absolut,nominal,71,0.02,1,0.1111111111111111,4.098,0.3857727121550704,0.0,0,3.0
glatt_lo0.15_hi1.6_s1_k0.34_absolut,glatt,0.15,1.6,1.0,0.34,absolut,erhoeht,11,0.02,1,0.05555555555555555,4.18,0.370341813444998,0.1111111111111111,0,3.0
glatt_lo0.15_hi1.6_s1_k0.34_absolut,glatt,0.15,1.6,1.0,0.34,absolut,erhoeht,23,0.02,1,0.0,nan,0.39765217424933685,0.0,0,3.0
glatt_lo0.15_hi1.6_s1_k0.34_absolut,glatt,0.15,1.6,1.0,0.34,absolut,erhoeht,37,0.02,1,0.0,nan,0.3884551366404101,0.0,0,3.0
glatt_lo0.15_hi1.6_s1_k0.34_absolut,glatt,0.15,1.6,1.0,0.34,absolut,erhoeht,53,0.02,1,0.0,nan,0.37322584392700164,0.0,0,3.0
glatt_lo0.15_hi1.6_s1_k0.34_absolut,glatt,0.15,1.6,1.0,0.34,absolut,erhoeht,71,0.02,1,0.0,nan,0.38684641062552455,0.0,0,3.0
glatt_lo0.15_hi1.6_s1_k0.34_abweichung,glatt,0.15,1.6,1.0,0.34,abweichung,nominal,11,0.02,1,0.1111111111111111,3.1590000000000003,0.3678523053813809,0.0,0,3.0
glatt_lo0.15_hi1.6_s1_k0.34_abweichung,glatt,0.15,1.6,1.0,0.34,abweichung,nominal,23,0.02,1,0.1111111111111111,2.939,0.37528098146907124,0.0,0,3.0
glatt_lo0.15_hi1.6_s1_k0.34_abweichung,glatt,0.15,1.6,1.0,0.34,abweichung,nominal,37,0.02,1,0.1111111111111111,2.816,0.3798775553238162,0.0,0,3.0
glatt_lo0.15_hi1.6_s1_k0.34_abweichung,glatt,0.15,1.6,1.0,0.34,abweichung,nominal,53,0.02,1,0.1111111111111111,3.098,0.3689809434587031,0.0,0,3.0
glatt_lo0.15_hi1.6_s1_k0.34_abweichung,glatt,0.15,1.6,1.0,0.34,abweichung,nominal,71,0.02,1,0.1111111111111111,2.936,0.38571569222783414,0.0,0,3.0
glatt_lo0.15_hi1.6_s1_k0.34_abweichung,glatt,0.15,1.6,1.0,0.34,abweichung,erhoeht,11,0.02,1,0.1111111111111111,2.896,0.3695447936253908,0.0,0,3.0
glatt_lo0.15_hi1.6_s1_k0.34_abweichung,glatt,0.15,1.6,1.0,0.34,abweichung,erhoeht,23,0.02,1,0.1111111111111111,3.605,0.39728257550714696,0.05555555555555555,0,3.0
glatt_lo0.15_hi1.6_s1_k0.34_abweichung,glatt,0.15,1.6,1.0,0.34,abweichung,erhoeht,37,0.02,1,0.1111111111111111,3.039,0.3864492139056766,0.0,0,3.0
glatt_lo0.15_hi1.6_s1_k0.34_abweichung,glatt,0.15,1.6,1.0,0.34,abweichung,erhoeht,53,0.02,1,0.1111111111111111,2.797,0.37128952279827676,0.0,0,3.0
glatt_lo0.15_hi1.6_s1_k0.34_abweichung,glatt,0.15,1.6,1.0,0.34,abweichung,erhoeht,71,0.02,1,0.1111111111111111,3.535,0.3848591791375272,0.0,0,3.0
glatt_lo0.4_hi1_s0.75_k0_abweichung,glatt,0.4,1.0,0.75,0.0,abweichung,nominal,11,0.02,1,0.2222222222222222,4.917,0.12136975058823385,0.0,0,3.0
glatt_lo0.4_hi1_s0.75_k0_abweichung,glatt,0.4,1.0,0.75,0.0,abweichung,nominal,23,0.02,1,0.2222222222222222,4.691,0.12620141483358568,0.0,0,3.0
glatt_lo0.4_hi1_s0.75_k0_abweichung,glatt,0.4,1.0,0.75,0.0,abweichung,nominal,37,0.02,1,0.2222222222222222,4.894,0.1324815512582742,0.0,0,3.0
glatt_lo0.4_hi1_s0.75_k0_abweichung,glatt,0.4,1.0,0.75,0.0,abweichung,nominal,53,0.02,1,0.2222222222222222,5.176,0.12251270037026088,0.0,0,3.0
glatt_lo0.4_hi1_s0.75_k0_abweichung,glatt,0.4,1.0,0.75,0.0,abweichung,nominal,71,0.02,1,0.2222222222222222,5.32,0.13313653157344807,0.0,0,3.0
glatt_lo0.4_hi1_s0.75_k0_abweichung,glatt,0.4,1.0,0.75,0.0,abweichung,erhoeht,11,0.02,1,0.2222222222222222,5.319,0.1309794426070315,0.05555555555555555,0,3.0
glatt_lo0.4_hi1_s0.75_k0_abweichung,glatt,0.4,1.0,0.75,0.0,abweichung,erhoeht,23,0.02,1,0.1111111111111111,4.849,0.16117987408467055,0.0,0,3.0
glatt_lo0.4_hi1_s0.75_k0_abweichung,glatt,0.4,1.0,0.75,0.0,abweichung,erhoeht,37,0.02,1,0.16666666666666666,5.282,0.14254919530114815,0.0,0,3.0
glatt_lo0.4_hi1_s0.75_k0_abweichung,glatt,0.4,1.0,0.75,0.0,abweichung,erhoeht,53,0.02,1,0.2222222222222222,4.9990000000000006,0.14686315940744601,0.05555555555555555,0,3.0
glatt_lo0.4_hi1_s0.75_k0_abweichung,glatt,0.4,1.0,0.75,0.0,abweichung,erhoeht,71,0.02,1,0.05555555555555555,5.18,0.15784197529375957,0.0,0,3.0
glatt_lo0.4_hi1_s0.75_k0.34_absolut,glatt,0.4,1.0,0.75,0.34,absolut,nominal,11,0.02,1,0.4444444444444444,5.393,0.11736145895422641,0.0,0,3.0
glatt_lo0.4_hi1_s0.75_k0.34_absolut,glatt,0.4,1.0,0.75,0.34,absolut,nominal,23,0.02,1,0.3333333333333333,3.88,0.1261080665573619,0.0,0,3.0
glatt_lo0.4_hi1_s0.75_k0.34_absolut,glatt,0.4,1.0,0.75,0.34,absolut,nominal,37,0.02,1,0.3888888888888889,4.983999999999999,0.12776846171817613,0.0,0,3.0
glatt_lo0.4_hi1_s0.75_k0.34_absolut,glatt,0.4,1.0,0.75,0.34,absolut,nominal,53,0.02,1,0.4444444444444444,5.437,0.11747550502993263,0.0,0,3.0
glatt_lo0.4_hi1_s0.75_k0.34_absolut,glatt,0.4,1.0,0.75,0.34,absolut,nominal,71,0.02,1,0.3333333333333333,4.09,0.13327082618247815,0.0,0,3.0
glatt_lo0.4_hi1_s0.75_k0.34_absolut,glatt,0.4,1.0,0.75,0.34,absolut,erhoeht,11,0.02,1,0.3888888888888889,5.076,0.1232556662786449,0.05555555555555555,0,3.0
glatt_lo0.4_hi1_s0.75_k0.34_absolut,glatt,0.4,1.0,0.75,0.34,absolut,erhoeht,23,0.02,1,0.0,nan,0.14822819370552268,0.0,0,3.0
glatt_lo0.4_hi1_s0.75_k0.34_absolut,glatt,0.4,1.0,0.75,0.34,absolut,erhoeht,37,0.02,1,0.3333333333333333,5.205,0.1398447399207478,0.1111111111111111,0,3.0
glatt_lo0.4_hi1_s0.75_k0.34_absolut,glatt,0.4,1.0,0.75,0.34,absolut,erhoeht,53,0.02,1,0.0,nan,0.13228987101485115,0.0,0,3.0
glatt_lo0.4_hi1_s0.75_k0.34_absolut,glatt,0.4,1.0,0.75,0.34,absolut,erhoeht,71,0.02,1,0.05555555555555555,5.14,0.14014405167169192,0.16666666666666666,0,3.0
glatt_lo0.4_hi1_s0.75_k0.34_abweichung,glatt,0.4,1.0,0.75,0.34,abweichung,nominal,11,0.02,1,0.6111111111111112,5.42,0.11542619235978417,0.0,0,3.0
glatt_lo0.4_hi1_s0.75_k0.34_abweichung,glatt,0.4,1.0,0.75,0.34,abweichung,nominal,23,0.02,1,0.5555555555555556,5.433,0.12120802572858884,0.0,0,3.0
glatt_lo0.4_hi1_s0.75_k0.34_abweichung,glatt,0.4,1.0,0.75,0.34,abweichung,nominal,37,0.02,1,0.5555555555555556,5.5,0.12519625863056266,0.0,0,3.0
glatt_lo0.4_hi1_s0.75_k0.34_abweichung,glatt,0.4,1.0,0.75,0.34,abweichung,nominal,53,0.02,1,0.5555555555555556,5.391,0.1161886357895226,0.0,0,3.0
glatt_lo0.4_hi1_s0.75_k0.34_abweichung,glatt,0.4,1.0,0.75,0.34,abweichung,nominal,71,0.02,1,0.5555555555555556,5.471,0.12981280845649154,0.0,0,3.0
glatt_lo0.4_hi1_s0.75_k0.34_abweichung,glatt,0.4,1.0,0.75,0.34,abweichung,erhoeht,11,0.02,1,0.6111111111111112,5.380000000000001,0.1183858383171069,0.0,0,3.0
glatt_lo0.4_hi1_s0.75_k0.34_abweichung,glatt,0.4,1.0,0.75,0.34,abweichung,erhoeht,23,0.02,1,0.3888888888888889,4.813999999999999,0.14035762054422216,0.05555555555555555,0,3.0
glatt_lo0.4_hi1_s0.75_k0.34_abweichung,glatt,0.4,1.0,0.75,0.34,abweichung,erhoeht,37,0.02,1,0.4444444444444444,5.398000000000001,0.13299566453324427,0.1111111111111111,0,3.0
glatt_lo0.4_hi1_s0.75_k0.34_abweichung,glatt,0.4,1.0,0.75,0.34,abweichung,erhoeht,53,0.02,1,0.4444444444444444,5.418,0.12034301086195606,0.0,0,3.0
glatt_lo0.4_hi1_s0.75_k0.34_abweichung,glatt,0.4,1.0,0.75,0.34,abweichung,erhoeht,71,0.02,1,0.3888888888888889,4.947999999999999,0.13203623192205297,0.0,0,3.0
glatt_lo0.4_hi1_s1_k0_abweichung,glatt,0.4,1.0,1.0,0.0,abweichung,nominal,11,0.02,1,0.2222222222222222,5.4,0.14794810330384345,0.0,0,3.0
glatt_lo0.4_hi1_s1_k0_abweichung,glatt,0.4,1.0,1.0,0.0,abweichung,nominal,23,0.02,1,0.2222222222222222,5.154,0.15365465222972566,0.0,0,3.0
glatt_lo0.4_hi1_s1_k0_abweichung,glatt,0.4,1.0,1.0,0.0,abweichung,nominal,37,0.02,1,0.2222222222222222,5.417,0.16128110022370332,0.0,0,3.0
glatt_lo0.4_hi1_s1_k0_abweichung,glatt,0.4,1.0,1.0,0.0,abweichung,nominal,53,0.02,1,0.1111111111111111,4.776,0.14903814355509326,0.0,0,3.0
glatt_lo0.4_hi1_s1_k0_abweichung,glatt,0.4,1.0,1.0,0.0,abweichung,nominal,71,0.02,1,0.1111111111111111,5.14,0.1620256176777402,0.0,0,3.0
glatt_lo0.4_hi1_s1_k0_abweichung,glatt,0.4,1.0,1.0,0.0,abweichung,erhoeht,11,0.02,1,0.1111111111111111,5.192,0.1592826246484388,0.0,0,3.0
glatt_lo0.4_hi1_s1_k0_abweichung,glatt,0.4,1.0,1.0,0.0,abweichung,erhoeht,23,0.02,1,0.1111111111111111,5.393000000000001,0.19499038865053003,0.05555555555555555,0,3.0
glatt_lo0.4_hi1_s1_k0_abweichung,glatt,0.4,1.0,1.0,0.0,abweichung,erhoeht,37,0.02,1,0.0,nan,0.1731222048877871,0.0,0,3.0
glatt_lo0.4_hi1_s1_k0_abweichung,glatt,0.4,1.0,1.0,0.0,abweichung,erhoeht,53,0.02,1,0.2222222222222222,5.491,0.17849987766513958,0.0,0,3.0
glatt_lo0.4_hi1_s1_k0_abweichung,glatt,0.4,1.0,1.0,0.0,abweichung,erhoeht,71,0.02,1,0.0,nan,0.19230095061326855,0.0,0,3.0
glatt_lo0.4_hi1_s1_k0.34_absolut,glatt,0.4,1.0,1.0,0.34,absolut,nominal,11,0.02,1,0.3333333333333333,3.55,0.1424603013356417,0.0,0,3.0
glatt_lo0.4_hi1_s1_k0.34_absolut,glatt,0.4,1.0,1.0,0.34,absolut,nominal,23,0.02,1,0.3333333333333333,4.05,0.1519681833409048,0.0,0,3.0
glatt_lo0.4_hi1_s1_k0.34_absolut,glatt,0.4,1.0,1.0,0.34,absolut,nominal,37,0.02,1,0.3333333333333333,3.92,0.15511189304292577,0.0,0,3.0
glatt_lo0.4_hi1_s1_k0.34_absolut,glatt,0.4,1.0,1.0,0.34,absolut,nominal,53,0.02,1,0.3333333333333333,3.835,0.14235047111876414,0.0,0,3.0
glatt_lo0.4_hi1_s1_k0.34_absolut,glatt,0.4,1.0,1.0,0.34,absolut,nominal,71,0.02,1,0.3333333333333333,4.24,0.16093519690333832,0.0,0,3.0
glatt_lo0.4_hi1_s1_k0.34_absolut,glatt,0.4,1.0,1.0,0.34,absolut,erhoeht,11,0.02,1,0.3333333333333333,4.745,0.148141889530426,0.05555555555555555,0,3.0
glatt_lo0.4_hi1_s1_k0.34_absolut,glatt,0.4,1.0,1.0,0.34,absolut,erhoeht,23,0.02,1,0.0,nan,0.17702051061386315,0.0,0,3.0
glatt_lo0.4_hi1_s1_k0.34_absolut,glatt,0.4,1.0,1.0,0.34,absolut,erhoeht,37,0.02,1,0.2777777777777778,5.216,0.1677041286438553,0.16666666666666666,0,3.0
glatt_lo0.4_hi1_s1_k0.34_absolut,glatt,0.4,1.0,1.0,0.34,absolut,erhoeht,53,0.02,1,0.0,nan,0.1566973510279319,0.0,0,3.0
glatt_lo0.4_hi1_s1_k0.34_absolut,glatt,0.4,1.0,1.0,0.34,absolut,erhoeht,71,0.02,1,0.05555555555555555,5.14,0.1676835268384988,0.1111111111111111,0,3.0
glatt_lo0.4_hi1_s1_k0.34_abweichung,glatt,0.4,1.0,1.0,0.34,abweichung,nominal,11,0.02,1,0.3333333333333333,3.375,0.1408229898642696,0.0,0,3.0
glatt_lo0.4_hi1_s1_k0.34_abweichung,glatt,0.4,1.0,1.0,0.34,abweichung,nominal,23,0.02,1,0.3333333333333333,3.405,0.1478659863602889,0.0,0,3.0
glatt_lo0.4_hi1_s1_k0.34_abweichung,glatt,0.4,1.0,1.0,0.34,abweichung,nominal,37,0.02,1,0.3333333333333333,3.615,0.15286642164090322,0.0,0,3.0
glatt_lo0.4_hi1_s1_k0.34_abweichung,glatt,0.4,1.0,1.0,0.34,abweichung,nominal,53,0.02,1,0.3888888888888889,4.921999999999999,0.1413675641958461,0.0,0,3.0
glatt_lo0.4_hi1_s1_k0.34_abweichung,glatt,0.4,1.0,1.0,0.34,abweichung,nominal,71,0.02,1,0.3333333333333333,3.495,0.15811459940588155,0.0,0,3.0
glatt_lo0.4_hi1_s1_k0.34_abweichung,glatt,0.4,1.0,1.0,0.34,abweichung,erhoeht,11,0.02,1,0.3888888888888889,4.929999999999999,0.14398105169944478,0.0,0,3.0
glatt_lo0.4_hi1_s1_k0.34_abweichung,glatt,0.4,1.0,1.0,0.34,abweichung,erhoeht,23,0.02,1,0.3333333333333333,3.485,0.17043525324356104,0.0,0,3.0
glatt_lo0.4_hi1_s1_k0.34_abweichung,glatt,0.4,1.0,1.0,0.34,abweichung,erhoeht,37,0.02,1,0.3333333333333333,3.8,0.16161678697684412,0.0,0,3.0
glatt_lo0.4_hi1_s1_k0.34_abweichung,glatt,0.4,1.0,1.0,0.34,abweichung,erhoeht,53,0.02,1,0.3333333333333333,3.535,0.14657142599415302,0.0,0,3.0
glatt_lo0.4_hi1_s1_k0.34_abweichung,glatt,0.4,1.0,1.0,0.34,abweichung,erhoeht,71,0.02,1,0.3333333333333333,4.07,0.1609007843864911,0.0,0,3.0
glatt_lo0.4_hi1.6_s0.75_k0_abweichung,glatt,0.4,1.6,0.75,0.0,abweichung,nominal,11,0.02,1,0.2777777777777778,5.224,0.09018511990155695,0.0,0,3.0
glatt_lo0.4_hi1.6_s0.75_k0_abweichung,glatt,0.4,1.6,0.75,0.0,abweichung,nominal,23,0.02,1,0.2222222222222222,3.9619999999999997,0.09399509874400153,0.0,0,3.0
glatt_lo0.4_hi1.6_s0.75_k0_abweichung,glatt,0.4,1.6,0.75,0.0,abweichung,nominal,37,0.02,1,0.2222222222222222,4.154,0.09873850976614253,0.0,0,3.0
glatt_lo0.4_hi1.6_s0.75_k0_abweichung,glatt,0.4,1.6,0.75,0.0,abweichung,nominal,53,0.02,1,0.2222222222222222,4.439,0.09146872688804743,0.0,0,3.0
glatt_lo0.4_hi1.6_s0.75_k0_abweichung,glatt,0.4,1.6,0.75,0.0,abweichung,nominal,71,0.02,1,0.2222222222222222,4.528,0.09918804617768472,0.0,0,3.0
glatt_lo0.4_hi1.6_s0.75_k0_abweichung,glatt,0.4,1.6,0.75,0.0,abweichung,erhoeht,11,0.02,1,0.2222222222222222,4.699,0.0980275065506496,0.05555555555555555,0,3.0
glatt_lo0.4_hi1.6_s0.75_k0_abweichung,glatt,0.4,1.6,0.75,0.0,abweichung,erhoeht,23,0.02,1,0.2222222222222222,4.731,0.12143771984870161,0.0,0,3.0
glatt_lo0.4_hi1.6_s0.75_k0_abweichung,glatt,0.4,1.6,0.75,0.0,abweichung,erhoeht,37,0.02,1,0.2222222222222222,4.679,0.10662153649113462,0.0,0,3.0
glatt_lo0.4_hi1.6_s0.75_k0_abweichung,glatt,0.4,1.6,0.75,0.0,abweichung,erhoeht,53,0.02,1,0.2222222222222222,4.3420000000000005,0.10942984095302968,0.0,0,3.0
glatt_lo0.4_hi1.6_s0.75_k0_abweichung,glatt,0.4,1.6,0.75,0.0,abweichung,erhoeht,71,0.02,1,0.1111111111111111,4.6850000000000005,0.11801587197032162,0.0,0,3.0
glatt_lo0.4_hi1.6_s0.75_k0.34_absolut,glatt,0.4,1.6,0.75,0.34,absolut,nominal,11,0.02,1,0.5555555555555556,5.117,0.08808000088389072,0.0,0,3.0
glatt_lo0.4_hi1.6_s0.75_k0.34_absolut,glatt,0.4,1.6,0.75,0.34,absolut,nominal,23,0.02,1,0.3888888888888889,4.773999999999999,0.09641830437072116,0.0,0,3.0
glatt_lo0.4_hi1.6_s0.75_k0.34_absolut,glatt,0.4,1.6,0.75,0.34,absolut,nominal,37,0.02,1,0.5555555555555556,5.322,0.09656004587773456,0.0,0,3.0
glatt_lo0.4_hi1.6_s0.75_k0.34_absolut,glatt,0.4,1.6,0.75,0.34,absolut,nominal,53,0.02,1,0.5555555555555556,5.173,0.08861648595800507,0.0,0,3.0
glatt_lo0.4_hi1.6_s0.75_k0.34_absolut,glatt,0.4,1.6,0.75,0.34,absolut,nominal,71,0.02,1,0.4444444444444444,5.405,0.10147674360995944,0.0,0,3.0
glatt_lo0.4_hi1.6_s0.75_k0.34_absolut,glatt,0.4,1.6,0.75,0.34,absolut,erhoeht,11,0.02,1,0.4444444444444444,5.284,0.09460679730593839,0.05555555555555555,0,3.0
glatt_lo0.4_hi1.6_s0.75_k0.34_absolut,glatt,0.4,1.6,0.75,0.34,absolut,erhoeht,23,0.02,1,0.0,nan,0.11573045723397667,0.0,0,3.0
glatt_lo0.4_hi1.6_s0.75_k0.34_absolut,glatt,0.4,1.6,0.75,0.34,absolut,erhoeht,37,0.02,1,0.3888888888888889,5.1819999999999995,0.10782242084485305,0.1111111111111111,0,3.0
glatt_lo0.4_hi1.6_s0.75_k0.34_absolut,glatt,0.4,1.6,0.75,0.34,absolut,erhoeht,53,0.02,1,0.0,nan,0.10504716387862206,0.0,0,3.0
glatt_lo0.4_hi1.6_s0.75_k0.34_absolut,glatt,0.4,1.6,0.75,0.34,absolut,erhoeht,71,0.02,1,0.05555555555555555,5.12,0.11053834440115,0.16666666666666666,0,3.0
glatt_lo0.4_hi1.6_s0.75_k0.34_abweichung,glatt,0.4,1.6,0.75,0.34,abweichung,nominal,11,0.02,1,0.6666666666666666,5.436,0.08548932287819411,0.0,0,3.0
glatt_lo0.4_hi1.6_s0.75_k0.34_abweichung,glatt,0.4,1.6,0.75,0.34,abweichung,nominal,23,0.02,1,0.6111111111111112,5.27,0.08990366205875369,0.0,0,3.0
glatt_lo0.4_hi1.6_s0.75_k0.34_abweichung,glatt,0.4,1.6,0.75,0.34,abweichung,nominal,37,0.02,1,0.5555555555555556,5.071000000000001,0.09298266886108296,0.0,0,3.0
glatt_lo0.4_hi1.6_s0.75_k0.34_abweichung,glatt,0.4,1.6,0.75,0.34,abweichung,nominal,53,0.02,1,0.6666666666666666,5.4670000000000005,0.0866822105949135,0.0,0,3.0
glatt_lo0.4_hi1.6_s0.75_k0.34_abweichung,glatt,0.4,1.6,0.75,0.34,abweichung,nominal,71,0.02,1,0.5555555555555556,5.022,0.09658421447615186,0.0,0,3.0
glatt_lo0.4_hi1.6_s0.75_k0.34_abweichung,glatt,0.4,1.6,0.75,0.34,abweichung,erhoeht,11,0.02,1,0.6111111111111112,5.1899999999999995,0.08807399749371371,0.0,0,3.0
glatt_lo0.4_hi1.6_s0.75_k0.34_abweichung,glatt,0.4,1.6,0.75,0.34,abweichung,erhoeht,23,0.02,1,0.5555555555555556,5.142,0.1049758554726852,0.0,0,3.0
glatt_lo0.4_hi1.6_s0.75_k0.34_abweichung,glatt,0.4,1.6,0.75,0.34,abweichung,erhoeht,37,0.02,1,0.5555555555555556,5.132,0.09917264568345456,0.05555555555555555,0,3.0
glatt_lo0.4_hi1.6_s0.75_k0.34_abweichung,glatt,0.4,1.6,0.75,0.34,abweichung,erhoeht,53,0.02,1,0.6111111111111112,5.25,0.0890896632388145,0.0,0,3.0
glatt_lo0.4_hi1.6_s0.75_k0.34_abweichung,glatt,0.4,1.6,0.75,0.34,abweichung,erhoeht,71,0.02,1,0.5,5.32,0.09812786967496721,0.0,0,3.0
glatt_lo0.4_hi1.6_s1_k0_abweichung,glatt,0.4,1.6,1.0,0.0,abweichung,nominal,11,0.02,1,0.2222222222222222,4.854,0.11757869693374348,0.0,0,3.0
glatt_lo0.4_hi1.6_s1_k0_abweichung,glatt,0.4,1.6,1.0,0.0,abweichung,nominal,23,0.02,1,0.2222222222222222,4.608,0.1223091998989705,0.0,0,3.0
glatt_lo0.4_hi1.6_s1_k0_abweichung,glatt,0.4,1.6,1.0,0.0,abweichung,nominal,37,0.02,1,0.2222222222222222,4.794,0.12846537384363338,0.0,0,3.0
glatt_lo0.4_hi1.6_s1_k0_abweichung,glatt,0.4,1.6,1.0,0.0,abweichung,nominal,53,0.02,1,0.2222222222222222,5.1129999999999995,0.11878958948290896,0.0,0,3.0
glatt_lo0.4_hi1.6_s1_k0_abweichung,glatt,0.4,1.6,1.0,0.0,abweichung,nominal,71,0.02,1,0.2222222222222222,5.237,0.12896927462977986,0.0,0,3.0
glatt_lo0.4_hi1.6_s1_k0_abweichung,glatt,0.4,1.6,1.0,0.0,abweichung,erhoeht,11,0.02,1,0.2222222222222222,5.247,0.12723882535790462,0.0,0,3.0
glatt_lo0.4_hi1.6_s1_k0_abweichung,glatt,0.4,1.6,1.0,0.0,abweichung,erhoeht,23,0.02,1,0.16666666666666666,5.378,0.15622709047470654,0.0,0,3.0
glatt_lo0.4_hi1.6_s1_k0_abweichung,glatt,0.4,1.6,1.0,0.0,abweichung,erhoeht,37,0.02,1,0.16666666666666666,5.204,0.13811676216442345,0.0,0,3.0
glatt_lo0.4_hi1.6_s1_k0_abweichung,glatt,0.4,1.6,1.0,0.0,abweichung,erhoeht,53,0.02,1,0.2222222222222222,4.899,0.14212538989687978,0.05555555555555555,0,3.0
glatt_lo0.4_hi1.6_s1_k0_abweichung,glatt,0.4,1.6,1.0,0.0,abweichung,erhoeht,71,0.02,1,0.1111111111111111,5.439,0.15302504532021394,0.0,0,3.0
glatt_lo0.4_hi1.6_s1_k0.34_absolut,glatt,0.4,1.6,1.0,0.34,absolut,nominal,11,0.02,1,0.4444444444444444,5.319,0.11377192323194955,0.0,0,3.0
glatt_lo0.4_hi1.6_s1_k0.34_absolut,glatt,0.4,1.6,1.0,0.34,absolut,nominal,23,0.02,1,0.3333333333333333,3.7649999999999997,0.12258439540180244,0.0,0,3.0
glatt_lo0.4_hi1.6_s1_k0.34_absolut,glatt,0.4,1.6,1.0,0.34,absolut,nominal,37,0.02,1,0.3888888888888889,4.893999999999999,0.12387396536654506,0.0,0,3.0
glatt_lo0.4_hi1.6_s1_k0.34_absolut,glatt,0.4,1.6,1.0,0.34,absolut,nominal,53,0.02,1,0.4444444444444444,5.364,0.11404470349114428,0.0,0,3.0
glatt_lo0.4_hi1.6_s1_k0.34_absolut,glatt,0.4,1.6,1.0,0.34,absolut,nominal,71,0.02,1,0.3333333333333333,3.915,0.12952386188046763,0.0,0,3.0
glatt_lo0.4_hi1.6_s1_k0.34_absolut,glatt,0.4,1.6,1.0,0.34,absolut,erhoeht,11,0.02,1,0.3888888888888889,4.957999999999999,0.1197462780934039,0.1111111111111111,0,3.0
glatt_lo0.4_hi1.6_s1_k0.34_absolut,glatt,0.4,1.6,1.0,0.34,absolut,erhoeht,23,0.02,1,0.0,nan,0.14452062638462995,0.0,0,3.0
glatt_lo0.4_hi1.6_s1_k0.34_absolut,glatt,0.4,1.6,1.0,0.34,absolut,erhoeht,37,0.02,1,0.3333333333333333,5.15,0.1359167547276684,0.16666666666666666,0,3.0
glatt_lo0.4_hi1.6_s1_k0.34_absolut,glatt,0.4,1.6,1.0,0.34,absolut,erhoeht,53,0.02,1,0.0,nan,0.12880073759225577,0.0,0,3.0
glatt_lo0.4_hi1.6_s1_k0.34_absolut,glatt,0.4,1.6,1.0,0.34,absolut,erhoeht,71,0.02,1,0.05555555555555555,5.14,0.13739017330728426,0.1111111111111111,0,3.0
glatt_lo0.4_hi1.6_s1_k0.34_abweichung,glatt,0.4,1.6,1.0,0.34,abweichung,nominal,11,0.02,1,0.5555555555555556,5.282,0.11172167415070317,0.0,0,3.0
glatt_lo0.4_hi1.6_s1_k0.34_abweichung,glatt,0.4,1.6,1.0,0.34,abweichung,nominal,23,0.02,1,0.5555555555555556,5.364,0.11739010520747291,0.0,0,3.0
glatt_lo0.4_hi1.6_s1_k0.34_abweichung,glatt,0.4,1.6,1.0,0.34,abweichung,nominal,37,0.02,1,0.5555555555555556,5.44,0.1211606383827089,0.0,0,3.0
glatt_lo0.4_hi1.6_s1_k0.34_abweichung,glatt,0.4,1.6,1.0,0.34,abweichung,nominal,53,0.02,1,0.5555555555555556,5.311,0.1126495133673115,0.0,0,3.0
glatt_lo0.4_hi1.6_s1_k0.34_abweichung,glatt,0.4,1.6,1.0,0.34,abweichung,nominal,71,0.02,1,0.5555555555555556,5.391,0.12577308655981922,0.0,0,3.0
glatt_lo0.4_hi1.6_s1_k0.34_abweichung,glatt,0.4,1.6,1.0,0.34,abweichung,erhoeht,11,0.02,1,0.5555555555555556,5.223999999999999,0.11449951273195806,0.0,0,3.0
glatt_lo0.4_hi1.6_s1_k0.34_abweichung,glatt,0.4,1.6,1.0,0.34,abweichung,erhoeht,23,0.02,1,0.5,5.444,0.13602461691351023,0.0,0,3.0
glatt_lo0.4_hi1.6_s1_k0.34_abweichung,glatt,0.4,1.6,1.0,0.34,abweichung,erhoeht,37,0.02,1,0.4444444444444444,5.266,0.128770415849843,0.0,0,3.0
glatt_lo0.4_hi1.6_s1_k0.34_abweichung,glatt,0.4,1.6,1.0,0.34,abweichung,erhoeht,53,0.02,1,0.4444444444444444,5.3709999999999996,0.11629730500279663,0.0,0,3.0
glatt_lo0.4_hi1.6_s1_k0.34_abweichung,glatt,0.4,1.6,1.0,0.34,abweichung,erhoeht,71,0.02,1,0.3888888888888889,4.877999999999999,0.12766923509578462,0.0,0,3.0
glatt_lo0.8_hi1_s0.75_k0_abweichung,glatt,0.8,1.0,0.75,0.0,abweichung,nominal,11,0.02,1,1.0,4.86,0.021210417663917843,0.0,0,3.0
glatt_lo0.8_hi1_s0.75_k0_abweichung,glatt,0.8,1.0,0.75,0.0,abweichung,nominal,23,0.02,1,1.0,4.92,0.021965241135011814,0.0,0,3.0
glatt_lo0.8_hi1_s0.75_k0_abweichung,glatt,0.8,1.0,0.75,0.0,abweichung,nominal,37,0.02,1,1.0,5.066000000000001,0.024864544221108714,0.0,0,3.0
glatt_lo0.8_hi1_s0.75_k0_abweichung,glatt,0.8,1.0,0.75,0.0,abweichung,nominal,53,0.02,1,1.0,4.86,0.022611197289881455,0.0,0,3.0
glatt_lo0.8_hi1_s0.75_k0_abweichung,glatt,0.8,1.0,0.75,0.0,abweichung,nominal,71,0.02,1,1.0,5.0,0.024368920126694775,0.0,0,3.0
glatt_lo0.8_hi1_s0.75_k0_abweichung,glatt,0.8,1.0,0.75,0.0,abweichung,erhoeht,11,0.02,1,1.0,5.066000000000001,0.027695199944959777,0.0,0,3.0
glatt_lo0.8_hi1_s0.75_k0_abweichung,glatt,0.8,1.0,0.75,0.0,abweichung,erhoeht,23,0.02,1,0.7777777777777778,5.388,0.04411014915151508,0.0,0,3.0
glatt_lo0.8_hi1_s0.75_k0_abweichung,glatt,0.8,1.0,0.75,0.0,abweichung,erhoeht,37,0.02,1,1.0,5.229,0.030573645176701345,0.0,0,3.0
glatt_lo0.8_hi1_s0.75_k0_abweichung,glatt,0.8,1.0,0.75,0.0,abweichung,erhoeht,53,0.02,1,0.7222222222222222,5.464,0.041032159306208515,0.05555555555555555,0,3.0
glatt_lo0.8_hi1_s0.75_k0_abweichung,glatt,0.8,1.0,0.75,0.0,abweichung,erhoeht,71,0.02,1,0.6111111111111112,5.48,0.04290009197083492,0.0,0,3.0
glatt_lo0.8_hi1_s0.75_k0.34_absolut,glatt,0.8,1.0,0.75,0.34,absolut,nominal,11,0.02,1,1.0,4.78,0.02390067309531789,0.0,0,3.0
glatt_lo0.8_hi1_s0.75_k0.34_absolut,glatt,0.8,1.0,0.75,0.34,absolut,nominal,23,0.02,1,1.0,5.026000000000001,0.03373748336106811,0.0,0,3.0
glatt_lo0.8_hi1_s0.75_k0.34_absolut,glatt,0.8,1.0,0.75,0.34,absolut,nominal,37,0.02,1,1.0,4.98,0.029192885464470002,0.0,0,3.0
glatt_lo0.8_hi1_s0.75_k0.34_absolut,glatt,0.8,1.0,0.75,0.34,absolut,nominal,53,0.02,1,1.0,4.752,0.024553126614709753,0.0,0,3.0
glatt_lo0.8_hi1_s0.75_k0.34_absolut,glatt,0.8,1.0,0.75,0.34,absolut,nominal,71,0.02,1,1.0,5.132,0.03495365067970065,0.0,0,3.0
glatt_lo0.8_hi1_s0.75_k0.34_absolut,glatt,0.8,1.0,0.75,0.34,absolut,erhoeht,11,0.02,1,1.0,5.043,0.033095406937754396,0.0,0,3.0
glatt_lo0.8_hi1_s0.75_k0.34_absolut,glatt,0.8,1.0,0.75,0.34,absolut,erhoeht,23,0.02,1,0.7222222222222222,4.9479999999999995,0.0502675299262669,0.16666666666666666,0,3.0
glatt_lo0.8_hi1_s0.75_k0.34_absolut,glatt,0.8,1.0,0.75,0.34,absolut,erhoeht,37,0.02,1,1.0,5.38,0.04191082442225878,0.05555555555555555,0,3.0
glatt_lo0.8_hi1_s0.75_k0.34_absolut,glatt,0.8,1.0,0.75,0.34,absolut,erhoeht,53,0.02,1,0.7777777777777778,5.14,0.04972490258080371,0.3333333333333333,0,3.0
glatt_lo0.8_hi1_s0.75_k0.34_absolut,glatt,0.8,1.0,0.75,0.34,absolut,erhoeht,71,0.02,1,0.8333333333333334,5.256,0.04753311543001573,0.0,0,3.0
glatt_lo0.8_hi1_s0.75_k0.34_abweichung,glatt,0.8,1.0,0.75,0.34,abweichung,nominal,11,0.02,1,1.0,4.703,0.017019999397959777,0.0,0,3.0
glatt_lo0.8_hi1_s0.75_k0.34_abweichung,glatt,0.8,1.0,0.75,0.34,abweichung,nominal,23,0.02,1,1.0,4.783,0.018514241844722563,0.0,0,3.0
glatt_lo0.8_hi1_s0.75_k0.34_abweichung,glatt,0.8,1.0,0.75,0.34,abweichung,nominal,37,0.02,1,1.0,4.846,0.02037494968818933,0.0,0,3.0
glatt_lo0.8_hi1_s0.75_k0.34_abweichung,glatt,0.8,1.0,0.75,0.34,abweichung,nominal,53,0.02,1,1.0,4.683,0.01820834185525903,0.0,0,3.0
glatt_lo0.8_hi1_s0.75_k0.34_abweichung,glatt,0.8,1.0,0.75,0.34,abweichung,nominal,71,0.02,1,1.0,4.92,0.021473134762671507,0.0,0,3.0
glatt_lo0.8_hi1_s0.75_k0.34_abweichung,glatt,0.8,1.0,0.75,0.34,abweichung,erhoeht,11,0.02,1,1.0,4.729,0.019770006362834797,0.0,0,3.0
glatt_lo0.8_hi1_s0.75_k0.34_abweichung,glatt,0.8,1.0,0.75,0.34,abweichung,erhoeht,23,0.02,1,1.0,5.109,0.026195215163047854,0.0,0,3.0
glatt_lo0.8_hi1_s0.75_k0.34_abweichung,glatt,0.8,1.0,0.75,0.34,abweichung,erhoeht,37,0.02,1,1.0,4.9319999999999995,0.025005066191682024,0.0,0,3.0
glatt_lo0.8_hi1_s0.75_k0.34_abweichung,glatt,0.8,1.0,0.75,0.34,abweichung,erhoeht,53,0.02,1,1.0,4.7860000000000005,0.019484355355958556,0.0,0,3.0
glatt_lo0.8_hi1_s0.75_k0.34_abweichung,glatt,0.8,1.0,0.75,0.34,abweichung,erhoeht,71,0.02,1,1.0,4.992,0.023500819668770434,0.0,0,3.0
glatt_lo0.8_hi1_s1_k0_abweichung,glatt,0.8,1.0,1.0,0.0,abweichung,nominal,11,0.02,1,1.0,4.94,0.02250603501623711,0.0,0,3.0
glatt_lo0.8_hi1_s1_k0_abweichung,glatt,0.8,1.0,1.0,0.0,abweichung,nominal,23,0.02,1,1.0,5.0,0.023343725437386335,0.0,0,3.0
glatt_lo0.8_hi1_s1_k0_abweichung,glatt,0.8,1.0,1.0,0.0,abweichung,nominal,37,0.02,1,1.0,5.146,0.02643174094828346,0.0,0,3.0
glatt_lo0.8_hi1_s1_k0_abweichung,glatt,0.8,1.0,1.0,0.0,abweichung,nominal,53,0.02,1,1.0,4.94,0.02396694390025281,0.0,0,3.0
glatt_lo0.8_hi1_s1_k0_abweichung,glatt,0.8,1.0,1.0,0.0,abweichung,nominal,71,0.02,1,1.0,5.08,0.025856808964850868,0.0,0,3.0
glatt_lo0.8_hi1_s1_k0_abweichung,glatt,0.8,1.0,1.0,0.0,abweichung,erhoeht,11,0.02,1,1.0,5.16,0.02924910156603876,0.0,0,3.0
glatt_lo0.8_hi1_s1_k0_abweichung,glatt,0.8,1.0,1.0,0.0,abweichung,erhoeht,23,0.02,1,0.7222222222222222,5.416,0.04669102661173338,0.0,0,3.0
glatt_lo0.8_hi1_s1_k0_abweichung,glatt,0.8,1.0,1.0,0.0,abweichung,erhoeht,37,0.02,1,1.0,5.343,0.032327906515667804,0.0,0,3.0
glatt_lo0.8_hi1_s1_k0_abweichung,glatt,0.8,1.0,1.0,0.0,abweichung,erhoeht,53,0.02,1,0.6111111111111112,5.1899999999999995,0.04367172603722986,0.0,0,3.0
glatt_lo0.8_hi1_s1_k0_abweichung,glatt,0.8,1.0,1.0,0.0,abweichung,erhoeht,71,0.02,1,0.5,5.212,0.04560489075509398,0.0,0,3.0
glatt_lo0.8_hi1_s1_k0.34_absolut,glatt,0.8,1.0,1.0,0.34,absolut,nominal,11,0.02,1,1.0,4.86,0.02460442165500628,0.0,0,3.0
glatt_lo0.8_hi1_s1_k0.34_absolut,glatt,0.8,1.0,1.0,0.34,absolut,nominal,23,0.02,1,1.0,5.086,0.034435260770601314,0.0,0,3.0
glatt_lo0.8_hi1_s1_k0.34_absolut,glatt,0.8,1.0,1.0,0.34,absolut,nominal,37,0.02,1,1.0,5.063000000000001,0.03010672984683449,0.0,0,3.0
glatt_lo0.8_hi1_s1_k0.34_absolut,glatt,0.8,1.0,1.0,0.34,absolut,nominal,53,0.02,1,1.0,4.811999999999999,0.025343157956215417,0.0,0,3.0
glatt_lo0.8_hi1_s1_k0.34_absolut,glatt,0.8,1.0,1.0,0.34,absolut,nominal,71,0.02,1,1.0,5.218,0.035698424691102244,0.0,0,3.0
glatt_lo0.8_hi1_s1_k0.34_absolut,glatt,0.8,1.0,1.0,0.34,absolut,erhoeht,11,0.02,1,1.0,5.106000000000001,0.0338039068336032,0.05555555555555555,0,3.0
glatt_lo0.8_hi1_s1_k0.34_absolut,glatt,0.8,1.0,1.0,0.34,absolut,erhoeht,23,0.02,1,0.7222222222222222,4.9479999999999995,0.05060796633514266,0.2777777777777778,0,3.0
glatt_lo0.8_hi1_s1_k0.34_absolut,glatt,0.8,1.0,1.0,0.34,absolut,erhoeht,37,0.02,1,1.0,5.463,0.042752973337363574,0.0,0,3.0
glatt_lo0.8_hi1_s1_k0.34_absolut,glatt,0.8,1.0,1.0,0.34,absolut,erhoeht,53,0.02,1,0.7777777777777778,5.206,0.05022689139260094,0.2222222222222222,0,3.0
glatt_lo0.8_hi1_s1_k0.34_absolut,glatt,0.8,1.0,1.0,0.34,absolut,erhoeht,71,0.02,1,0.7777777777777778,5.187,0.04823307087243526,0.16666666666666666,0,3.0
glatt_lo0.8_hi1_s1_k0.34_abweichung,glatt,0.8,1.0,1.0,0.34,abweichung,nominal,11,0.02,1,1.0,4.783,0.01812767405199933,0.0,0,3.0
glatt_lo0.8_hi1_s1_k0.34_abweichung,glatt,0.8,1.0,1.0,0.34,abweichung,nominal,23,0.02,1,1.0,4.88,0.019734853095440204,0.0,0,3.0
glatt_lo0.8_hi1_s1_k0.34_abweichung,glatt,0.8,1.0,1.0,0.34,abweichung,nominal,37,0.02,1,1.0,4.929,0.02154223806232664,0.0,0,3.0
glatt_lo0.8_hi1_s1_k0.34_abweichung,glatt,0.8,1.0,1.0,0.34,abweichung,nominal,53,0.02,1,1.0,4.763,0.019297020397315984,0.0,0,3.0
glatt_lo0.8_hi1_s1_k0.34_abweichung,glatt,0.8,1.0,1.0,0.34,abweichung,nominal,71,0.02,1,1.0,5.0,0.022839608942948852,0.0,0,3.0
glatt_lo0.8_hi1_s1_k0.34_abweichung,glatt,0.8,1.0,1.0,0.34,abweichung,erhoeht,11,0.02,1,1.0,4.806,0.020903365532881746,0.0,0,3.0
glatt_lo0.8_hi1_s1_k0.34_abweichung,glatt,0.8,1.0,1.0,0.34,abweichung,erhoeht,23,0.02,1,1.0,5.161,0.02776045643078286,0.0,0,3.0
glatt_lo0.8_hi1_s1_k0.34_abweichung,glatt,0.8,1.0,1.0,0.34,abweichung,erhoeht,37,0.02,1,1.0,4.998,0.02644235938906168,0.0,0,3.0
glatt_lo0.8_hi1_s1_k0.34_abweichung,glatt,0.8,1.0,1.0,0.34,abweichung,erhoeht,53,0.02,1,1.0,4.863,0.020735479177510077,0.0,0,3.0
glatt_lo0.8_hi1_s1_k0.34_abweichung,glatt,0.8,1.0,1.0,0.34,abweichung,erhoeht,71,0.02,1,1.0,5.0889999999999995,0.025028178802364243,0.0,0,3.0
glatt_lo0.8_hi1.6_s0.75_k0_abweichung,glatt,0.8,1.6,0.75,0.0,abweichung,nominal,11,0.02,1,1.0,4.32,0.014651495903882726,0.0,0,3.0
glatt_lo0.8_hi1.6_s0.75_k0_abweichung,glatt,0.8,1.6,0.75,0.0,abweichung,nominal,23,0.02,1,1.0,4.4,0.014862004658049674,0.0,0,3.0
glatt_lo0.8_hi1.6_s0.75_k0_abweichung,glatt,0.8,1.6,0.75,0.0,abweichung,nominal,37,0.02,1,1.0,4.486000000000001,0.017118819444089196,0.0,0,3.0
glatt_lo0.8_hi1.6_s0.75_k0_abweichung,glatt,0.8,1.6,0.75,0.0,abweichung,nominal,53,0.02,1,1.0,4.343,0.015626227275482935,0.0,0,3.0
glatt_lo0.8_hi1.6_s0.75_k0_abweichung,glatt,0.8,1.6,0.75,0.0,abweichung,nominal,71,0.02,1,1.0,4.463,0.01669246667486714,0.0,0,3.0
glatt_lo0.8_hi1.6_s0.75_k0_abweichung,glatt,0.8,1.6,0.75,0.0,abweichung,erhoeht,11,0.02,1,1.0,4.495,0.01982748578554927,0.0,0,3.0
glatt_lo0.8_hi1.6_s0.75_k0_abweichung,glatt,0.8,1.6,0.75,0.0,abweichung,erhoeht,23,0.02,1,1.0,5.166,0.030825538568285227,0.05555555555555555,0,3.0
glatt_lo0.8_hi1.6_s0.75_k0_abweichung,glatt,0.8,1.6,0.75,0.0,abweichung,erhoeht,37,0.02,1,1.0,4.62,0.02154874656986169,0.0,0,3.0
glatt_lo0.8_hi1.6_s0.75_k0_abweichung,glatt,0.8,1.6,0.75,0.0,abweichung,erhoeht,53,0.02,1,1.0,4.963,0.028862390348734213,0.0,0,3.0
glatt_lo0.8_hi1.6_s0.75_k0_abweichung,glatt,0.8,1.6,0.75,0.0,abweichung,erhoeht,71,0.02,1,1.0,5.12,0.0292937809472484,0.0,0,3.0
glatt_lo0.8_hi1.6_s0.75_k0.34_absolut,glatt,0.8,1.6,0.75,0.34,absolut,nominal,11,0.02,1,1.0,4.263,0.02059007579007644,0.0,0,3.0
glatt_lo0.8_hi1.6_s0.75_k0.34_absolut,glatt,0.8,1.6,0.75,0.34,absolut,nominal,23,0.02,1,1.0,4.509,0.030749811207368027,0.0,0,3.0
glatt_lo0.8_hi1.6_s0.75_k0.34_absolut,glatt,0.8,1.6,0.75,0.34,absolut,nominal,37,0.02,1,1.0,4.463,0.025071995756921685,0.0,0,3.0
glatt_lo0.8_hi1.6_s0.75_k0.34_absolut,glatt,0.8,1.6,0.75,0.34,absolut,nominal,53,0.02,1,1.0,4.271999999999999,0.020909279096708713,0.0,0,3.0
glatt_lo0.8_hi1.6_s0.75_k0.34_absolut,glatt,0.8,1.6,0.75,0.34,absolut,nominal,71,0.02,1,1.0,4.612,0.03187029751097896,0.0,0,3.0
glatt_lo0.8_hi1.6_s0.75_k0.34_absolut,glatt,0.8,1.6,0.75,0.34,absolut,erhoeht,11,0.02,1,1.0,4.515,0.031559415253070634,0.05555555555555555,0,3.0
glatt_lo0.8_hi1.6_s0.75_k0.34_absolut,glatt,0.8,1.6,0.75,0.34,absolut,erhoeht,23,0.02,1,0.8888888888888888,5.359999999999999,0.04886386350340439,0.2222222222222222,0,3.0
glatt_lo0.8_hi1.6_s0.75_k0.34_absolut,glatt,0.8,1.6,0.75,0.34,absolut,erhoeht,37,0.02,1,1.0,4.749,0.03816829161560588,0.05555555555555555,0,3.0
glatt_lo0.8_hi1.6_s0.75_k0.34_absolut,glatt,0.8,1.6,0.75,0.34,absolut,erhoeht,53,0.02,1,0.8888888888888888,5.235,0.04772958436105081,0.3333333333333333,0,3.0
glatt_lo0.8_hi1.6_s0.75_k0.34_absolut,glatt,0.8,1.6,0.75,0.34,absolut,erhoeht,71,0.02,1,1.0,5.381,0.044330518240007506,0.2222222222222222,0,3.0
glatt_lo0.8_hi1.6_s0.75_k0.34_abweichung,glatt,0.8,1.6,0.75,0.34,abweichung,nominal,11,0.02,1,1.0,4.203,0.011407884365286187,0.0,0,3.0
glatt_lo0.8_hi1.6_s0.75_k0.34_abweichung,glatt,0.8,1.6,0.75,0.34,abweichung,nominal,23,0.02,1,1.0,4.3,0.012192229021601235,0.0,0,3.0
glatt_lo0.8_hi1.6_s0.75_k0.34_abweichung,glatt,0.8,1.6,0.75,0.34,abweichung,nominal,37,0.02,1,1.0,4.363,0.014232735091521218,0.0,0,3.0
glatt_lo0.8_hi1.6_s0.75_k0.34_abweichung,glatt,0.8,1.6,0.75,0.34,abweichung,nominal,53,0.02,1,1.0,4.203,0.012576783678446635,0.0,0,3.0
glatt_lo0.8_hi1.6_s0.75_k0.34_abweichung,glatt,0.8,1.6,0.75,0.34,abweichung,nominal,71,0.02,1,1.0,4.4030000000000005,0.014400553977192946,0.0,0,3.0
glatt_lo0.8_hi1.6_s0.75_k0.34_abweichung,glatt,0.8,1.6,0.75,0.34,abweichung,erhoeht,11,0.02,1,1.0,4.252,0.013959970168450303,0.0,0,3.0
glatt_lo0.8_hi1.6_s0.75_k0.34_abweichung,glatt,0.8,1.6,0.75,0.34,abweichung,erhoeht,23,0.02,1,1.0,4.578,0.01808247487544287,0.0,0,3.0
glatt_lo0.8_hi1.6_s0.75_k0.34_abweichung,glatt,0.8,1.6,0.75,0.34,abweichung,erhoeht,37,0.02,1,1.0,4.395,0.017543020625846444,0.0,0,3.0
glatt_lo0.8_hi1.6_s0.75_k0.34_abweichung,glatt,0.8,1.6,0.75,0.34,abweichung,erhoeht,53,0.02,1,1.0,4.243,0.012987795278925908,0.0,0,3.0
glatt_lo0.8_hi1.6_s0.75_k0.34_abweichung,glatt,0.8,1.6,0.75,0.34,abweichung,erhoeht,71,0.02,1,1.0,4.526000000000001,0.015815853004538225,0.0,0,3.0
glatt_lo0.8_hi1.6_s1_k0_abweichung,glatt,0.8,1.6,1.0,0.0,abweichung,nominal,11,0.02,1,1.0,4.543,0.016942825093033027,0.0,0,3.0
glatt_lo0.8_hi1.6_s1_k0_abweichung,glatt,0.8,1.6,1.0,0.0,abweichung,nominal,23,0.02,1,1.0,4.603000000000001,0.017385908229107544,0.0,0,3.0
glatt_lo0.8_hi1.6_s1_k0_abweichung,glatt,0.8,1.6,1.0,0.0,abweichung,nominal,37,0.02,1,1.0,4.709,0.019921153305409563,0.0,0,3.0
glatt_lo0.8_hi1.6_s1_k0_abweichung,glatt,0.8,1.6,1.0,0.0,abweichung,nominal,53,0.02,1,1.0,4.5600000000000005,0.0180890165207946,0.0,0,3.0
glatt_lo0.8_hi1.6_s1_k0_abweichung,glatt,0.8,1.6,1.0,0.0,abweichung,nominal,71,0.02,1,1.0,4.68,0.01940752661321925,0.0,0,3.0
glatt_lo0.8_hi1.6_s1_k0_abweichung,glatt,0.8,1.6,1.0,0.0,abweichung,erhoeht,11,0.02,1,1.0,4.709,0.02255973583474743,0.05555555555555555,0,3.0
glatt_lo0.8_hi1.6_s1_k0_abweichung,glatt,0.8,1.6,1.0,0.0,abweichung,erhoeht,23,0.02,1,1.0,5.42,0.0355268848180467,0.0,0,3.0
glatt_lo0.8_hi1.6_s1_k0_abweichung,glatt,0.8,1.6,1.0,0.0,abweichung,erhoeht,37,0.02,1,1.0,4.843,0.024740486126719533,0.0,0,3.0
glatt_lo0.8_hi1.6_s1_k0_abweichung,glatt,0.8,1.6,1.0,0.0,abweichung,erhoeht,53,0.02,1,1.0,5.246,0.033405368625612906,0.0,0,3.0
glatt_lo0.8_hi1.6_s1_k0_abweichung,glatt,0.8,1.6,1.0,0.0,abweichung,erhoeht,71,0.02,1,1.0,5.383,0.033986776493098635,0.0,0,3.0
glatt_lo0.8_hi1.6_s1_k0.34_absolut,glatt,0.8,1.6,1.0,0.34,absolut,nominal,11,0.02,1,1.0,4.48,0.02177660923312991,0.0,0,3.0
glatt_lo0.8_hi1.6_s1_k0.34_absolut,glatt,0.8,1.6,1.0,0.34,absolut,nominal,23,0.02,1,1.0,4.706,0.03166159685502033,0.0,0,3.0
glatt_lo0.8_hi1.6_s1_k0.34_absolut,glatt,0.8,1.6,1.0,0.34,absolut,nominal,37,0.02,1,1.0,4.66,0.02646469935921392,0.0,0,3.0
glatt_lo0.8_hi1.6_s1_k0.34_absolut,glatt,0.8,1.6,1.0,0.34,absolut,nominal,53,0.02,1,1.0,4.435,0.02211000221007227,0.0,0,3.0
glatt_lo0.8_hi1.6_s1_k0.34_absolut,glatt,0.8,1.6,1.0,0.34,absolut,nominal,71,0.02,1,1.0,4.829,0.03305210899758416,0.0,0,3.0
glatt_lo0.8_hi1.6_s1_k0.34_absolut,glatt,0.8,1.6,1.0,0.34,absolut,erhoeht,11,0.02,1,1.0,4.689,0.03179665975588804,0.0,0,3.0
glatt_lo0.8_hi1.6_s1_k0.34_absolut,glatt,0.8,1.6,1.0,0.34,absolut,erhoeht,23,0.02,1,0.7777777777777778,5.2330000000000005,0.04955383431589279,0.3888888888888889,0,3.0
glatt_lo0.8_hi1.6_s1_k0.34_absolut,glatt,0.8,1.6,1.0,0.34,absolut,erhoeht,37,0.02,1,1.0,5.063000000000001,0.03938428147063989,0.0,0,3.0
glatt_lo0.8_hi1.6_s1_k0.34_absolut,glatt,0.8,1.6,1.0,0.34,absolut,erhoeht,53,0.02,1,0.7777777777777778,5.106,0.04837533156066944,0.3333333333333333,0,3.0
glatt_lo0.8_hi1.6_s1_k0.34_absolut,glatt,0.8,1.6,1.0,0.34,absolut,erhoeht,71,0.02,1,0.9444444444444444,5.332,0.04545148693267714,0.1111111111111111,0,3.0
glatt_lo0.8_hi1.6_s1_k0.34_abweichung,glatt,0.8,1.6,1.0,0.34,abweichung,nominal,11,0.02,1,1.0,4.386,0.013416673277854292,0.0,0,3.0
glatt_lo0.8_hi1.6_s1_k0.34_abweichung,glatt,0.8,1.6,1.0,0.34,abweichung,nominal,23,0.02,1,1.0,4.5,0.014429932102894963,0.0,0,3.0
glatt_lo0.8_hi1.6_s1_k0.34_abweichung,glatt,0.8,1.6,1.0,0.34,abweichung,nominal,37,0.02,1,1.0,4.546,0.016630623092667347,0.0,0,3.0
glatt_lo0.8_hi1.6_s1_k0.34_abweichung,glatt,0.8,1.6,1.0,0.34,abweichung,nominal,53,0.02,1,1.0,4.386,0.014570783178075888,0.0,0,3.0
glatt_lo0.8_hi1.6_s1_k0.34_abweichung,glatt,0.8,1.6,1.0,0.34,abweichung,nominal,71,0.02,1,1.0,4.603000000000001,0.016908205753626865,0.0,0,3.0
glatt_lo0.8_hi1.6_s1_k0.34_abweichung,glatt,0.8,1.6,1.0,0.34,abweichung,erhoeht,11,0.02,1,1.0,4.452,0.01598516377538596,0.0,0,3.0
glatt_lo0.8_hi1.6_s1_k0.34_abweichung,glatt,0.8,1.6,1.0,0.34,abweichung,erhoeht,23,0.02,1,1.0,4.764,0.02095838769712457,0.0,0,3.0
glatt_lo0.8_hi1.6_s1_k0.34_abweichung,glatt,0.8,1.6,1.0,0.34,abweichung,erhoeht,37,0.02,1,1.0,4.592,0.02017396692543668,0.0,0,3.0
glatt_lo0.8_hi1.6_s1_k0.34_abweichung,glatt,0.8,1.6,1.0,0.34,abweichung,erhoeht,53,0.02,1,1.0,4.48,0.01527686996510443,0.0,0,3.0
glatt_lo0.8_hi1.6_s1_k0.34_abweichung,glatt,0.8,1.6,1.0,0.34,abweichung,erhoeht,71,0.02,1,1.0,4.689,0.018615380979238188,0.0,0,3.0
